CaseNum,Status,Date,Generated_at,Status_Short
1990272358,Card Was Mailed To Me,"May 3, 2021",20210503-164738,
1990298289,Card Was Mailed To Me,"May 3, 2021",20210503-164738,
1990298292,Card Was Mailed To Me,"May 3, 2021",20210503-164738,
1990298295,Card Was Mailed To Me,"May 3, 2021",20210503-164738,
1990042866,RFE Responded,"May 3, 2021",,2a-RFE
1990088336,New Card Is Being Produced,"May 3, 2021",,4-Approved
1990114678,RFE Responded,"May 3, 2021",,2a-RFE
1990318382,Case Was Approved,"May 3, 2021",,4-Approved
1990126393,RFE Sent,"May 3, 2021",,2a-RFE
1990088336,Case Was Approved,"May 4, 2021",,4-Approved
1990138993,Card Was Mailed To Me,"May 4, 2021",,4-Approved
1990140435,RFE Sent,"May 4, 2021",,2a-RFE
1990313055,RFE Responded,"May 4, 2021",,2a-RFE
1990134864,RFE Responded,"May 5, 2021",,2a-RFE
1990088336,Card Was Mailed To Me,"May 6, 2021",,4-Approved
1990091568,New Card Is Being Produced,"May 6, 2021",,4-Approved
1990091571,New Card Is Being Produced,"May 6, 2021",,4-Approved
1990091574,New Card Is Being Produced,"May 6, 2021",,4-Approved
1990091577,New Card Is Being Produced,"May 6, 2021",,4-Approved
1990272358,Card Was Delivered,"May 6, 2021",,4-Approved
1990091568,Case Was Approved,"May 7, 2021",,4-Approved
1990091571,Case Was Approved,"May 7, 2021",,4-Approved
1990091574,Case Was Approved,"May 7, 2021",,4-Approved
1990091577,Case Was Approved,"May 7, 2021",,4-Approved
1990133517,RFE Responded,"May 7, 2021",,2a-RFE
1990138993,Card Was Delivered,"May 7, 2021",,4-Approved
1990077742,New Card Is Being Produced,"May 10, 2021",,4-Approved
1990088336,Card Was Delivered,"May 10, 2021",,4-Approved
1990173227,RFE Sent,"May 10, 2021",,2a-RFE
1990173230,RFE Sent,"May 10, 2021",,2a-RFE
1990173233,RFE Sent,"May 10, 2021",,2a-RFE
1990236178,RFE Responded,"May 10, 2021",,2a-RFE
1990045766,RFE Responded,"May 10, 2021",,2a-RFE
1990045769,RFE Responded,"May 10, 2021",,2a-RFE
1990077742,Case Was Approved,"May 11, 2021",,4-Approved
1990091568,Card Was Mailed To Me,"May 11, 2021",,4-Approved
1990091571,Card Was Mailed To Me,"May 11, 2021",,4-Approved
1990091574,Card Was Mailed To Me,"May 11, 2021",,4-Approved
1990091577,Card Was Mailed To Me,"May 11, 2021",,4-Approved
1990077742,Card Was Mailed To Me,"May 12, 2021",,4-Approved
1990134864,New Card Is Being Produced,"May 13, 2021",,4-Approved
1990309837,New Card Is Being Produced,"May 13, 2021",,4-Approved
1990042866,New Card Is Being Produced,"May 14, 2021",,4-Approved
1990059445,New Card Is Being Produced,"May 14, 2021",,4-Approved
1990133517,New Card Is Being Produced,"May 14, 2021",,4-Approved
1990134864,Case Was Approved,"May 14, 2021",,4-Approved
1990154209,New Card Is Being Produced,"May 14, 2021",,4-Approved
1990154212,New Card Is Being Produced,"May 14, 2021",,4-Approved
1990309837,Case Was Approved,"May 14, 2021",,4-Approved
1990077742,Card Was Delivered,"May 15, 2021",,4-Approved
1990042866,Case Was Approved,"May 17, 2021",,4-Approved
1990059445,Case Was Approved,"May 17, 2021",,4-Approved
1990133517,Case Was Approved,"May 17, 2021",,4-Approved
1990134864,Card Was Mailed To Me,"May 17, 2021",,4-Approved
1990297704,Name Was Updated,"May 18, 2021",,2c-UpdateInfo
1990298292,Card Was Returned To USCIS,"May 17, 2021",,9-Others
1990008039,RFE Sent,"May 18, 2021",,2a-RFE
1990154209,Card Was Mailed To Me,"May 18, 2021",,4-Approved
1990154212,Card Was Mailed To Me,"May 18, 2021",,4-Approved
1990309837,Card Was Mailed To Me,"May 18, 2021",,4-Approved
1990042866,Card Was Mailed To Me,"May 19, 2021",,4-Approved
1990059445,Card Was Mailed To Me,"May 19, 2021",,4-Approved
1990133517,Card Was Mailed To Me,"May 19, 2021",,4-Approved
1990212984,Interview Was Ready,"May 19, 2021",,3-Interview
1990328868,Fingerprints Taken,"May 19, 2021",,1-Fingerprint-taken
1990042866,Card Was Delivered,"May 21, 2021",,4-Approved
1990059445,Card Was Delivered,"May 21, 2021",,4-Approved
1990134864,Card Was Delivered,"May 20, 2021",,4-Approved
1990154209,Card Was Delivered,"May 21, 2021",,4-Approved
1990154212,Card Was Delivered,"May 21, 2021",,4-Approved
1990309837,Card Was Delivered,"May 21, 2021",,4-Approved
1990337213,Interview Was Ready,"May 21, 2021",,3-Interview
1990133517,Card Was Delivered,"May 22, 2021",,4-Approved
1990045763,RFE Responded,"May 24, 2021",,2a-RFE
1990298289,Card Was Returned To USCIS,"May 24, 2021",,9-Others
1990298292,Document Was Mailed,"May 24, 2021",,9-Others
1990077745,New Card Is Being Produced,"May 25, 2021",,4-Approved
1990077748,New Card Is Being Produced,"May 25, 2021",,4-Approved
1990140435,RFE Responded,"May 25, 2021",,2a-RFE
1990212984,Interview Was Scheduled,"May 25, 2021",,3-Interview
1990290043,RFE Sent,"May 25, 2021",,2a-RFE
1990337213,Interview Was Scheduled,"May 25, 2021",,3-Interview
1990077745,Case Was Approved,"May 26, 2021",,4-Approved
1990077748,Case Was Approved,"May 26, 2021",,4-Approved
1990290043,Case Was Reopened,"May 26, 2021",,2z-Misc
1990077745,Card Was Mailed To Me,"May 27, 2021",,4-Approved
1990077748,Card Was Mailed To Me,"May 27, 2021",,4-Approved
1990298295,Card Was Returned To USCIS,"May 27, 2021",,9-Others
1990114675,RFE Responded,"May 27, 2021",,2a-RFE
1990236178,New Card Is Being Produced,"May 28, 2021",,4-Approved
1990032868,RFE Sent,"June 1, 2021",,2a-RFE
1990045763,New Card Is Being Produced,"June 2, 2021",,4-Approved
1990236178,Case Was Approved,"June 1, 2021",,4-Approved
1990297373,Interview Was Completed,"June 02, 2021",,3-Interview
1990322984,RFE Sent,"June 1, 2021",,2a-RFE
1990322987,RFE Sent,"June 1, 2021",,2a-RFE
1990341634,New Card Is Being Produced,"June 1, 2021",,4-Approved
1990045763,Case Was Approved,"June 2, 2021",,4-Approved
1990073109,RFE Responded,"June 2, 2021",,2a-RFE
1990233081,RFE Sent,"June 2, 2021",,2a-RFE
1990236178,Card Was Mailed To Me,"June 2, 2021",,4-Approved
1990240579,RFE Responded,"June 2, 2021",,2a-RFE
1990337210,New Card Is Being Produced,"June 2, 2021",,4-Approved
1990341634,Case Was Approved,"June 2, 2021",,4-Approved
1990126393,RFE Responded,"June 3, 2021",,2a-RFE
1990233081,Case Was Reopened,"June 3, 2021",,2z-Misc
1990320354,New Card Is Being Produced,"June 3, 2021",,4-Approved
1990337210,Case Was Approved,"June 3, 2021",,4-Approved
1990045763,Card Was Mailed To Me,"June 4, 2021",,4-Approved
1990298289,Document Was Mailed,"June 05, 2021",,9-Others
1990298295,Document Was Mailed,"June 05, 2021",,9-Others
1990320354,Case Was Approved,"June 4, 2021",,4-Approved
1990341634,Card Was Mailed To Me,"June 4, 2021",,4-Approved
1990236178,Card Was Delivered,"June 5, 2021",,4-Approved
1990113823,RFE Sent,"June 7, 2021",,2a-RFE
1990135235,Case Was Denied,"June 6, 2021",,4-Denied
1990318382,Fingerprints Taken,"June 7, 2021",,1-Fingerprint-taken
1990320354,Card Was Mailed To Me,"June 7, 2021",,4-Approved
1990337210,Card Was Mailed To Me,"June 7, 2021",,4-Approved
1990298775,New Card Is Being Produced,"June 8, 2021",,4-Approved
1990309808,RFE Responded,"June 8, 2021",,2a-RFE
1990028809,New Card Is Being Produced,"June 9, 2021",,4-Approved
1990045763,Card Was Delivered,"June 9, 2021",,4-Approved
1990126393,New Card Is Being Produced,"June 10, 2021",,4-Approved
1990151688,RFE Sent,"June 9, 2021",,2a-RFE
1990303891,RFE Sent,"June 9, 2021",,2a-RFE
1990309811,RFE Responded,"June 9, 2021",,2a-RFE
1990310842,RFE Sent,"June 9, 2021",,2a-RFE
1990318382,Card Was Mailed To Me,"June 9, 2021",,4-Approved
1990320354,Card Was Delivered,"June 9, 2021",,4-Approved
1990322977,Case Was Approved,"June 9, 2021",,4-Approved
1990322978,Case Was Approved,"June 9, 2021",,4-Approved
1990322979,Case Was Approved,"June 9, 2021",,4-Approved
1990328207,RFE Sent,"June 9, 2021",,2a-RFE
1990341634,Card Was Delivered,"June 9, 2021",,4-Approved
1990028809,Case Was Approved,"June 10, 2021",,4-Approved
1990073109,New Card Is Being Produced,"June 10, 2021",,4-Approved
1990114675,New Card Is Being Produced,"June 10, 2021",,4-Approved
1990114678,New Card Is Being Produced,"June 10, 2021",,4-Approved
1990298775,Case Was Approved,"June 10, 2021",,4-Approved
1990319074,RFE Responded,"June 10, 2021",,2a-RFE
1990073109,Case Was Approved,"June 11, 2021",,4-Approved
1990114675,Case Was Approved,"June 11, 2021",,4-Approved
1990114678,Case Was Approved,"June 11, 2021",,4-Approved
1990298775,Card Was Mailed To Me,"June 11, 2021",,4-Approved
1990300229,Case Was Approved,"June 11, 2021",,4-Approved
1990319074,Name Was Updated,"June 11, 2021",,2c-UpdateInfo
1990322977,Card Was Mailed To Me,"June 11, 2021",,4-Approved
1990322978,Card Was Mailed To Me,"June 11, 2021",,4-Approved
1990322979,Card Was Mailed To Me,"June 11, 2021",,4-Approved
1990337210,Card Was Delivered,"June 11, 2021",,4-Approved
1990028809,Card Was Mailed To Me,"June 14, 2021",,4-Approved
1990126393,Card Was Mailed To Me,"June 14, 2021",,4-Approved
1990284788,RFE Sent,"June 14, 2021",,2a-RFE
1990284791,RFE Sent,"June 14, 2021",,2a-RFE
1990284794,RFE Sent,"June 14, 2021",,2a-RFE
1990284797,RFE Sent,"June 14, 2021",,2a-RFE
1990291141,RFE Sent,"June 14, 2021",,2a-RFE
1990318382,Card Was Delivered,"June 12, 2021",,4-Approved
1990338780,RFE Sent,"June 14, 2021",,2a-RFE
1990338782,RFE Sent,"June 14, 2021",,2a-RFE
1990338784,RFE Sent,"June 14, 2021",,2a-RFE
1990338786,RFE Sent,"June 14, 2021",,2a-RFE
1990073109,Card Was Mailed To Me,"June 15, 2021",,4-Approved
1990114675,Card Was Mailed To Me,"June 15, 2021",,4-Approved
1990114678,Card Was Mailed To Me,"June 15, 2021",,4-Approved
1990298775,Card Was Delivered,"June 15, 2021",,4-Approved
1990300229,Card Was Mailed To Me,"June 15, 2021",,4-Approved
1990315902,Fingerprints Taken,"June 16, 2021",,1-Fingerprint-taken
1990315908,Fingerprints Taken,"June 16, 2021",,1-Fingerprint-taken
1990322977,Card Was Delivered,"June 16, 2021",,4-Approved
1990322978,Card Was Delivered,"June 16, 2021",,4-Approved
1990322979,Card Was Delivered,"June 16, 2021",,4-Approved
1990322984,Fingerprints Taken,"June 16, 2021",,1-Fingerprint-taken
1990322987,Fingerprints Taken,"June 16, 2021",,1-Fingerprint-taken
1990323731,New Card Is Being Produced,"June 16, 2021",,4-Approved
1990335119,RFE Sent,"June 16, 2021",,2a-RFE
1990335121,RFE Sent,"June 16, 2021",,2a-RFE
1990028809,Card Was Delivered,"June 17, 2021",,4-Approved
1990114675,Card Was Delivered,"June 17, 2021",,4-Approved
1990114678,Card Was Delivered,"June 17, 2021",,4-Approved
1990126393,Card Was Delivered,"June 17, 2021",,4-Approved
1990334218,RFE Sent,"June 17, 2021",,2a-RFE
1990334221,RFE Sent,"June 17, 2021",,2a-RFE
1990073109,Card Was Delivered,"June 18, 2021",,4-Approved
1990173227,RFE Responded,"June 17, 2021",,2a-RFE
1990173230,RFE Responded,"June 17, 2021",,2a-RFE
1990173233,RFE Responded,"June 17, 2021",,2a-RFE
1990300229,Card Was Delivered,"June 18, 2021",,4-Approved
1990323726,Name Was Updated,"June 21, 2021",,2c-UpdateInfo
1990006179,RFE Sent,"June 21, 2021",,2a-RFE
1990304990,Interview Was Ready,"June 21, 2021",,3-Interview
1990113823,RFE Responded,"June 22, 2021",,2a-RFE
1990126393,Notice Returned,"June 22, 2021",,9-Others
1990242631,RFE Responded,"June 22, 2021",,2a-RFE
1990323731,Card Was Mailed To Me,"June 22, 2021",,4-Approved
1990017563,Expedite Request Received,"June 24, 2021",,2b-Expedite
1990020903,Name Was Updated,"June 23, 2021",,2c-UpdateInfo
1990020906,Name Was Updated,"June 23, 2021",,2c-UpdateInfo
1990020909,Name Was Updated,"June 23, 2021",,2c-UpdateInfo
1990020912,Name Was Updated,"June 23, 2021",,2c-UpdateInfo
1990020915,Name Was Updated,"June 23, 2021",,2c-UpdateInfo
1990040307,RFE Responded,"June 23, 2021",,2a-RFE
1990126393,Case Was Approved,"June 23, 2021",,4-Approved
1990235116,New Card Is Being Produced,"June 23, 2021",,4-Approved
1990235118,New Card Is Being Produced,"June 23, 2021",,4-Approved
1990235120,RFE Sent,"June 23, 2021",,2a-RFE
1990251091,RFE Sent,"June 23, 2021",,2a-RFE
1990288111,Name Was Updated,"June 23, 2021",,2c-UpdateInfo
1990288114,Name Was Updated,"June 23, 2021",,2c-UpdateInfo
1990288117,Name Was Updated,"June 23, 2021",,2c-UpdateInfo
1990288120,Name Was Updated,"June 23, 2021",,2c-UpdateInfo
1990304990,Interview Was Scheduled,"June 23, 2021",,3-Interview
1990017563,RFE Sent,"June 24, 2021",,2a-RFE
1990109510,Case Was Approved,"June 24, 2021",,4-Approved
1990113823,New Card Is Being Produced,"June 24, 2021",,4-Approved
1990235116,Case Was Approved,"June 24, 2021",,4-Approved
1990235118,Case Was Approved,"June 24, 2021",,4-Approved
1990323731,Card Was Delivered,"June 24, 2021",,4-Approved
1990327635,Case Was Approved,"June 24, 2021",,4-Approved
1990327638,Case Was Approved,"June 24, 2021",,4-Approved
1990340282,RFE Sent,"June 24, 2021",,2a-RFE
1990341342,RFE Sent,"June 24, 2021",,2a-RFE
1990315784,RFE Sent,"June 25, 2021",,2a-RFE
1990326939,Case Was Approved,"June 25, 2021",,4-Approved
1990017563,Expedite Request Denied,"June 28, 2021",,2b-Expedite
1990042830,New Card Is Being Produced,"June 28, 2021",,4-Approved
1990109510,Card Was Mailed To Me,"June 28, 2021",,4-Approved
1990113823,Case Was Approved,"June 28, 2021",,4-Approved
1990182574,New Card Is Being Produced,"June 28, 2021",,4-Approved
1990235116,Card Was Mailed To Me,"June 28, 2021",,4-Approved
1990235118,Card Was Mailed To Me,"June 28, 2021",,4-Approved
1990042830,Case Was Approved,"June 29, 2021",,4-Approved
1990113823,Card Was Mailed To Me,"June 29, 2021",,4-Approved
1990212984,RFE Sent,"June 29, 2021",,2a-RFE
1990300070,RFE Sent,"June 29, 2021",,2a-RFE
1990300073,RFE Sent,"June 29, 2021",,2a-RFE
1990300076,RFE Sent,"June 29, 2021",,2a-RFE
1990319068,RFE Sent,"June 29, 2021",,2a-RFE
1990323738,RFE Sent,"June 29, 2021",,2a-RFE
1990326939,Card Was Mailed To Me,"June 29, 2021",,4-Approved
1990327635,Card Was Mailed To Me,"June 29, 2021",,4-Approved
1990327638,Card Was Mailed To Me,"June 29, 2021",,4-Approved
1990337213,Interview Was Completed,"June 29, 2021",,3-Interview
1990032868,RFE Responded,"June 29, 2021",,2a-RFE
1990045766,New Card Is Being Produced,"June 30, 2021",,4-Approved
1990045769,New Card Is Being Produced,"June 30, 2021",,4-Approved
1990245252,Expedite Request Received,"June 30, 2021",,2b-Expedite
1990042830,Card Was Mailed To Me,"July 1, 2021",,4-Approved
1990045766,Case Was Approved,"July 1, 2021",,4-Approved
1990045769,Case Was Approved,"July 1, 2021",,4-Approved
1990109510,Card Was Delivered,"July 1, 2021",,4-Approved
1990182574,Card Was Mailed To Me,"July 1, 2021",,4-Approved
1990235116,Card Was Delivered,"July 1, 2021",,4-Approved
1990235118,Card Was Delivered,"July 1, 2021",,4-Approved
1990326939,Card Was Delivered,"July 1, 2021",,4-Approved
1990327635,Card Was Delivered,"July 1, 2021",,4-Approved
1990327638,Card Was Delivered,"July 1, 2021",,4-Approved
1990235120,RFE Responded,"July 1, 2021",,2a-RFE
1990125961,Card Was Mailed To Me,"July 2, 2021",,4-Approved
1990040307,New Card Is Being Produced,"July 7, 2021",,4-Approved
1990042830,Card Was Delivered,"July 6, 2021",,4-Approved
1990045766,Card Was Mailed To Me,"July 6, 2021",,4-Approved
1990045769,Card Was Mailed To Me,"July 6, 2021",,4-Approved
1990143451,Interview Was Ready,"July 7, 2021",,3-Interview
1990212984,New Card Is Being Produced,"July 6, 2021",,4-Approved
1990302576,RFE Sent,"July 7, 2021",,2a-RFE
1990302579,RFE Sent,"July 7, 2021",,2a-RFE
1990302582,RFE Sent,"July 7, 2021",,2a-RFE
1990302584,RFE Sent,"July 7, 2021",,2a-RFE
1990303921,RFE Sent,"July 7, 2021",,2a-RFE
1990303924,RFE Sent,"July 7, 2021",,2a-RFE
1990303927,RFE Sent,"July 7, 2021",,2a-RFE
1990310344,RFE Sent,"July 7, 2021",,2a-RFE
1990323708,RFE Responded,"July 6, 2021",,2a-RFE
1990328970,RFE Sent,"July 6, 2021",,2a-RFE
1990334960,RFE Sent,"July 7, 2021",,2a-RFE
1990006179,RFE Responded,"July 7, 2021",,2a-RFE
1990017563,RFE Responded,"July 7, 2021",,2a-RFE
1990113823,Card Was Delivered,"July 7, 2021",,4-Approved
1990125958,Card Was Mailed To Me,"July 7, 2021",,4-Approved
1990212984,Case Was Approved,"July 7, 2021",,4-Approved
1990233081,RFE Responded,"July 7, 2021",,2a-RFE
1990291141,RFE Responded,"July 7, 2021",,2a-RFE
1990303891,RFE Responded,"July 7, 2021",,2a-RFE
1990322984,RFE Responded,"July 7, 2021",,2a-RFE
1990322987,RFE Responded,"July 7, 2021",,2a-RFE
1990040307,Case Was Approved,"July 8, 2021",,4-Approved
1990045766,Card Was Delivered,"July 8, 2021",,4-Approved
1990125961,Card Was Delivered,"July 8, 2021",,4-Approved
1990233081,Name Was Updated,"July 8, 2021",,2c-UpdateInfo
1990260656,Duplicate Notice Was Mailed,"July 8, 2021",,9-Others
1990242631,New Card Is Being Produced,"July 9, 2021",,4-Approved
1990297318,Expedite Request Received,"July 9, 2021",,2b-Expedite
1990040307,Card Was Mailed To Me,"July 9, 2021",,4-Approved
1990045769,Card Was Delivered,"July 9, 2021",,4-Approved
1990212984,Card Was Mailed To Me,"July 9, 2021",,4-Approved
1990303891,Name Was Updated,"July 9, 2021",,2c-UpdateInfo
1990322981,RFE Responded,"July 9, 2021",,2a-RFE
1990340282,RFE Responded,"July 9, 2021",,2a-RFE
1990341342,RFE Responded,"July 9, 2021",,2a-RFE
1990125958,Card Was Delivered,"July 10, 2021",,4-Approved
1990136241,Interview Was Ready,"July 10, 2021",,3-Interview
1990182574,Card Was Delivered,"July 10, 2021",,4-Approved
1990009809,RFE Sent,"July 12, 2021",,2a-RFE
1990100943,Interview Was Completed,"July 12, 2021",,3-Interview
1990136241,Interview Was Scheduled,"July 12, 2021",,3-Interview
1990242631,Case Was Approved,"July 12, 2021",,4-Approved
1990162357,RFE Sent,"July 13, 2021",,2a-RFE
1990169767,RFE Sent,"July 13, 2021",,2a-RFE
1990169770,RFE Sent,"July 13, 2021",,2a-RFE
1990169773,RFE Sent,"July 13, 2021",,2a-RFE
1990226177,RFE Sent,"July 14, 2021",,2a-RFE
1990242631,Card Was Mailed To Me,"July 13, 2021",,4-Approved
1990318214,RFE Sent,"July 13, 2021",,2a-RFE
1990040307,Card Was Delivered,"July 14, 2021",,4-Approved
1990212984,Card Was Delivered,"July 14, 2021",,4-Approved
1990322984,New Card Is Being Produced,"July 14, 2021",,4-Approved
1990322987,New Card Is Being Produced,"July 14, 2021",,4-Approved
1990328967,New Card Is Being Produced,"July 14, 2021",,4-Approved
1990059549,Case Was Approved,"July 16, 2021",,4-Approved
1990303198,Case Was Approved,"July 16, 2021",,4-Approved
1990303200,Case Was Approved,"July 16, 2021",,4-Approved
1990303206,Case Was Approved,"July 16, 2021",,4-Approved
1990304295,RFE Sent,"July 15, 2021",,2a-RFE
1990322984,Case Was Approved,"July 15, 2021",,4-Approved
1990322987,Case Was Approved,"July 15, 2021",,4-Approved
1990328967,Case Was Approved,"July 15, 2021",,4-Approved
1990242631,Card Was Delivered,"July 16, 2021",,4-Approved
1990314939,New Card Is Being Produced,"July 16, 2021",,4-Approved
1990161963,RFE Sent,"July 19, 2021",,2a-RFE
1990303200,Card Was Mailed To Me,"July 19, 2021",,4-Approved
1990303206,Card Was Mailed To Me,"July 19, 2021",,4-Approved
1990310842,New Card Is Being Produced,"July 19, 2021",,4-Approved
1990314939,Case Was Approved,"July 19, 2021",,4-Approved
1990322984,Card Was Mailed To Me,"July 19, 2021",,4-Approved
1990322987,Card Was Mailed To Me,"July 19, 2021",,4-Approved
1990328967,Card Was Mailed To Me,"July 19, 2021",,4-Approved
1990338423,RFE Sent,"July 19, 2021",,2a-RFE
1990338426,RFE Sent,"July 19, 2021",,2a-RFE
1990338429,RFE Sent,"July 19, 2021",,2a-RFE
1990338432,RFE Sent,"July 19, 2021",,2a-RFE
1990338435,RFE Sent,"July 19, 2021",,2a-RFE
1990341342,New Card Is Being Produced,"July 19, 2021",,4-Approved
1990324109,Fingerprints Taken,"July 20, 2021",,1-Fingerprint-taken
1990212739,RFE Sent,"July 21, 2021",,2a-RFE
1990212742,RFE Sent,"July 21, 2021",,2a-RFE
1990226199,RFE Sent,"July 21, 2021",,2a-RFE
1990250010,RFE Sent,"July 21, 2021",,2a-RFE
1990250013,RFE Sent,"July 21, 2021",,2a-RFE
1990303198,New Card Is Being Produced,"July 21, 2021",,4-Approved
1990303200,Card Was Delivered,"July 21, 2021",,4-Approved
1990303206,Card Was Delivered,"July 21, 2021",,4-Approved
1990303891,New Card Is Being Produced,"July 21, 2021",,4-Approved
1990305917,RFE Sent,"July 21, 2021",,2a-RFE
1990314939,Card Was Mailed To Me,"July 21, 2021",,4-Approved
1990323712,RFE Sent,"July 21, 2021",,2a-RFE
1990323714,RFE Sent,"July 21, 2021",,2a-RFE
1990323716,RFE Sent,"July 21, 2021",,2a-RFE
1990323718,RFE Sent,"July 21, 2021",,2a-RFE
1990323720,RFE Sent,"July 21, 2021",,2a-RFE
1990323722,RFE Sent,"July 21, 2021",,2a-RFE
1990323724,RFE Sent,"July 21, 2021",,2a-RFE
1990323726,RFE Sent,"July 21, 2021",,2a-RFE
1990324112,Fingerprints Taken,"July 21, 2021",,1-Fingerprint-taken
1990327121,Fingerprints Taken,"July 21, 2021",,1-Fingerprint-taken
1990335514,RFE Sent,"July 21, 2021",,2a-RFE
1990335516,RFE Sent,"July 21, 2021",,2a-RFE
1990335518,RFE Sent,"July 21, 2021",,2a-RFE
1990340282,New Card Is Being Produced,"July 21, 2021",,4-Approved
1990341342,Case Was Approved,"July 21, 2021",,4-Approved
1990006179,Case Was Approved,"July 23, 2021",,4-Approved
1990059549,Card Was Delivered,"July 23, 2021",,4-Approved
1990163837,Notice Explaining USCIS Actions Was Mailed,"July 22, 2021",,9-Others
1990163839,Notice Explaining USCIS Actions Was Mailed,"July 23, 2021",,9-Others
1990240579,New Card Is Being Produced,"July 23, 2021",,4-Approved
1990303891,Case Was Approved,"July 22, 2021",,4-Approved
1990310842,Card Was Mailed To Me,"July 22, 2021",,4-Approved
1990320357,Fingerprints Taken,"July 22, 2021",,1-Fingerprint-taken
1990322981,Withdrawal Acknowledged,"July 22, 2021",,7-Withdrawn
1990322984,Card Was Delivered,"July 22, 2021",,4-Approved
1990322987,Card Was Delivered,"July 22, 2021",,4-Approved
1990328198,Case Was Denied,"July 22, 2021",,4-Denied
1990328201,Case Was Denied,"July 22, 2021",,4-Denied
1990328363,Expedite Request Denied,"July 22, 2021",,2b-Expedite
1990328964,Case Was Approved,"July 23, 2021",,4-Approved
1990328967,Card Was Delivered,"July 22, 2021",,4-Approved
1990340282,Case Was Approved,"July 22, 2021",,4-Approved
1990341342,Card Was Mailed To Me,"July 22, 2021",,4-Approved
1990242608,New Card Is Being Produced,"July 23, 2021",,4-Approved
1990303198,Card Was Mailed To Me,"July 23, 2021",,4-Approved
1990310842,Card Was Delivered,"July 24, 2021",,4-Approved
1990314939,Card Was Delivered,"July 24, 2021",,4-Approved
1990341342,Card Was Delivered,"July 24, 2021",,4-Approved
1990006179,Card Was Mailed To Me,"July 26, 2021",,4-Approved
1990242608,Case Was Approved,"July 26, 2021",,4-Approved
1990291141,New Card Is Being Produced,"July 26, 2021",,4-Approved
1990303891,Card Was Mailed To Me,"July 26, 2021",,4-Approved
1990328970,RFE Responded,"July 26, 2021",,2a-RFE
1990340282,Card Was Mailed To Me,"July 26, 2021",,4-Approved
1990233081,New Card Is Being Produced,"July 27, 2021",,4-Approved
1990240579,Card Was Mailed To Me,"July 27, 2021",,4-Approved
1990242608,Card Was Mailed To Me,"July 27, 2021",,4-Approved
1990303198,Card Was Delivered,"July 27, 2021",,4-Approved
1990233081,Case Was Approved,"July 28, 2021",,4-Approved
1990291141,Case Was Approved,"July 28, 2021",,4-Approved
1990006179,Card Was Delivered,"July 29, 2021",,4-Approved
1990100943,Case Was Transferred,"July 29, 2021",,0-Received
1990100946,Case Was Transferred,"July 29, 2021",,0-Received
1990233081,Card Was Mailed To Me,"July 29, 2021",,4-Approved
1990303891,Card Was Delivered,"July 29, 2021",,4-Approved
1990317274,Fingerprints Taken,"July 29, 2021",,1-Fingerprint-taken
1990317277,Fingerprints Taken,"July 29, 2021",,1-Fingerprint-taken
1990318654,Fingerprints Taken,"July 29, 2021",,1-Fingerprint-taken
1990319068,Fingerprints Taken,"July 29, 2021",,1-Fingerprint-taken
1990328970,Name Was Updated,"July 29, 2021",,2c-UpdateInfo
1990340282,Card Was Delivered,"July 29, 2021",,4-Approved
1990240579,Card Was Delivered,"July 30, 2021",,4-Approved
1990242608,Card Was Delivered,"July 30, 2021",,4-Approved
1990298292,Card Was Delivered,"July 30, 2021",,4-Approved
1990300070,RFE Responded,"July 30, 2021",,2a-RFE
1990300073,RFE Responded,"July 30, 2021",,2a-RFE
1990300076,RFE Responded,"July 30, 2021",,2a-RFE
1990318101,Fingerprints Taken,"July 30, 2021",,1-Fingerprint-taken
1990291141,Card Was Delivered,"July 31, 2021",,4-Approved
1990227799,RFE Sent,"August 2, 2021",,2a-RFE
1990227802,RFE Sent,"August 2, 2021",,2a-RFE
1990233081,Card Was Delivered,"August 2, 2021",,4-Approved
1990315782,RFE Responded,"August 2, 2021",,2a-RFE
1990315784,RFE Responded,"August 2, 2021",,2a-RFE
1990323738,RFE Responded,"August 2, 2021",,2a-RFE
1990328964,New Card Is Being Produced,"August 2, 2021",,4-Approved
1990151688,RFE Responded,"August 2, 2021",,2a-RFE
1990304990,New Card Is Being Produced,"August 3, 2021",,4-Approved
1990338423,RFE Responded,"August 3, 2021",,2a-RFE
1990338426,RFE Responded,"August 3, 2021",,2a-RFE
1990338429,RFE Responded,"August 3, 2021",,2a-RFE
1990338432,RFE Responded,"August 3, 2021",,2a-RFE
1990338435,RFE Responded,"August 3, 2021",,2a-RFE
1990304990,Case Was Approved,"August 4, 2021",,4-Approved
1990320357,New Card Is Being Produced,"August 4, 2021",,4-Approved
1990328964,Card Was Mailed To Me,"August 4, 2021",,4-Approved
1990302576,RFE Responded,"August 5, 2021",,2a-RFE
1990302579,RFE Responded,"August 5, 2021",,2a-RFE
1990302582,RFE Responded,"August 5, 2021",,2a-RFE
1990302584,RFE Responded,"August 5, 2021",,2a-RFE
1990304990,Card Was Mailed To Me,"August 5, 2021",,4-Approved
1990320357,Case Was Approved,"August 5, 2021",,4-Approved
1990009809,RFE Responded,"August 6, 2021",,2a-RFE
1990320357,Card Was Mailed To Me,"August 6, 2021",,4-Approved
1990304990,Card Was Delivered,"August 9, 2021",,4-Approved
1990328964,Card Was Delivered,"August 9, 2021",,4-Approved
1990008039,RFE Responded,"August 10, 2021",,2a-RFE
1990169767,Duplicate Notice Was Mailed,"August 10, 2021",,9-Others
1990203909,Notice Explaining USCIS Actions Was Mailed,"August 10, 2021",,9-Others
1990203912,Notice Explaining USCIS Actions Was Mailed,"August 10, 2021",,9-Others
1990226177,RFE Responded,"August 10, 2021",,2a-RFE
1990302542,Case Was Transferred,"August 10, 2021",,0-Received
1990302548,Case Was Transferred,"August 10, 2021",,0-Received
1990307428,RFE Responded,"August 10, 2021",,2a-RFE
1990320357,Card Was Delivered,"August 10, 2021",,4-Approved
1990338426,New Card Is Being Produced,"August 10, 2021",,4-Approved
1990338429,New Card Is Being Produced,"August 10, 2021",,4-Approved
1990338432,New Card Is Being Produced,"August 10, 2021",,4-Approved
1990338435,New Card Is Being Produced,"August 10, 2021",,4-Approved
1990009809,New Card Is Being Produced,"August 11, 2021",,4-Approved
1990300070,New Card Is Being Produced,"August 11, 2021",,4-Approved
1990300073,New Card Is Being Produced,"August 11, 2021",,4-Approved
1990300076,New Card Is Being Produced,"August 11, 2021",,4-Approved
1990303921,RFE Responded,"August 10, 2021",,2a-RFE
1990303924,RFE Responded,"August 10, 2021",,2a-RFE
1990303927,RFE Responded,"August 10, 2021",,2a-RFE
1990297373,RFE Sent,"August 11, 2021",,2a-RFE
1990315782,New Card Is Being Produced,"August 11, 2021",,4-Approved
1990315784,New Card Is Being Produced,"August 11, 2021",,4-Approved
1990323738,Case Was Approved,"August 11, 2021",,4-Approved
1990338426,Case Was Approved,"August 11, 2021",,4-Approved
1990338429,Case Was Approved,"August 11, 2021",,4-Approved
1990338432,Case Was Approved,"August 11, 2021",,4-Approved
1990338435,Case Was Approved,"August 11, 2021",,4-Approved
1990009809,Case Was Approved,"August 12, 2021",,4-Approved
1990143451,Interview Was Completed,"August 13, 2021",,3-Interview
1990300070,Case Was Approved,"August 12, 2021",,4-Approved
1990300073,Case Was Approved,"August 12, 2021",,4-Approved
1990300076,Case Was Approved,"August 12, 2021",,4-Approved
1990315782,Case Was Approved,"August 12, 2021",,4-Approved
1990315784,Case Was Approved,"August 12, 2021",,4-Approved
1990338426,Card Was Mailed To Me,"August 12, 2021",,4-Approved
1990338429,Card Was Mailed To Me,"August 12, 2021",,4-Approved
1990338432,Card Was Mailed To Me,"August 12, 2021",,4-Approved
1990338435,Card Was Mailed To Me,"August 12, 2021",,4-Approved
1990009809,Card Was Mailed To Me,"August 13, 2021",,4-Approved
1990300070,Card Was Mailed To Me,"August 13, 2021",,4-Approved
1990300073,Card Was Mailed To Me,"August 13, 2021",,4-Approved
1990300076,Card Was Mailed To Me,"August 13, 2021",,4-Approved
1990173227,New Card Is Being Produced,"August 16, 2021",,4-Approved
1990173230,New Card Is Being Produced,"August 16, 2021",,4-Approved
1990173233,New Card Is Being Produced,"August 16, 2021",,4-Approved
1990270781,Interview Was Ready,"August 16, 2021",,3-Interview
1990303921,New Card Is Being Produced,"August 16, 2021",,4-Approved
1990303924,New Card Is Being Produced,"August 16, 2021",,4-Approved
1990303927,New Card Is Being Produced,"August 16, 2021",,4-Approved
1990315782,Card Was Mailed To Me,"August 16, 2021",,4-Approved
1990315784,Card Was Mailed To Me,"August 16, 2021",,4-Approved
1990321380,Notice Returned,"August 17, 2021",,9-Others
1990321382,Notice Returned,"August 17, 2021",,9-Others
1990321384,Notice Returned,"August 17, 2021",,9-Others
1990321386,Notice Returned,"August 17, 2021",,9-Others
1990337213,RFE Sent,"August 16, 2021",,2a-RFE
1990338426,Card Was Delivered,"August 16, 2021",,4-Approved
1990338429,Card Was Delivered,"August 16, 2021",,4-Approved
1990338432,Card Was Delivered,"August 16, 2021",,4-Approved
1990338435,Card Was Delivered,"August 16, 2021",,4-Approved
1990173227,Case Was Approved,"August 17, 2021",,4-Approved
1990173230,Case Was Approved,"August 17, 2021",,4-Approved
1990173233,Case Was Approved,"August 17, 2021",,4-Approved
1990302576,New Card Is Being Produced,"August 17, 2021",,4-Approved
1990302579,New Card Is Being Produced,"August 17, 2021",,4-Approved
1990302582,New Card Is Being Produced,"August 17, 2021",,4-Approved
1990302584,New Card Is Being Produced,"August 17, 2021",,4-Approved
1990303921,Case Was Approved,"August 17, 2021",,4-Approved
1990303924,Case Was Approved,"August 17, 2021",,4-Approved
1990303927,Case Was Approved,"August 17, 2021",,4-Approved
1990009809,Card Was Delivered,"August 18, 2021",,4-Approved
1990162357,RFE Responded,"August 18, 2021",,2a-RFE
1990173227,Card Was Mailed To Me,"August 18, 2021",,4-Approved
1990173230,Card Was Mailed To Me,"August 18, 2021",,4-Approved
1990173233,Card Was Mailed To Me,"August 18, 2021",,4-Approved
1990250010,RFE Responded,"August 18, 2021",,2a-RFE
1990250013,RFE Responded,"August 18, 2021",,2a-RFE
1990260656,RFE Responded,"August 18, 2021",,2a-RFE
1990284805,Case Was Approved,"August 18, 2021",,4-Approved
1990288109,Expedite Request Received,"August 18, 2021",,2b-Expedite
1990300070,Card Was Delivered,"August 18, 2021",,4-Approved
1990300073,Card Was Delivered,"August 18, 2021",,4-Approved
1990300076,Card Was Delivered,"August 18, 2021",,4-Approved
1990302576,Case Was Approved,"August 18, 2021",,4-Approved
1990302579,Case Was Approved,"August 18, 2021",,4-Approved
1990302582,Case Was Approved,"August 18, 2021",,4-Approved
1990302584,Case Was Approved,"August 18, 2021",,4-Approved
1990312000,Interview Was Ready,"August 18, 2021",,3-Interview
1990315782,Card Was Delivered,"August 18, 2021",,4-Approved
1990315784,Card Was Delivered,"August 18, 2021",,4-Approved
1990303921,Card Was Mailed To Me,"August 19, 2021",,4-Approved
1990303924,Card Was Mailed To Me,"August 19, 2021",,4-Approved
1990303927,Card Was Mailed To Me,"August 19, 2021",,4-Approved
1990304295,RFE Responded,"August 19, 2021",,2a-RFE
1990317053,RFE Responded,"August 19, 2021",,2a-RFE
1990325461,Withdrawal Acknowledged,"August 19, 2021",,7-Withdrawn
1990326930,RFE Responded,"August 19, 2021",,2a-RFE
1990326933,RFE Responded,"August 19, 2021",,2a-RFE
1990250010,Name Was Updated,"August 20, 2021",,2c-UpdateInfo
1990250013,Name Was Updated,"August 20, 2021",,2c-UpdateInfo
1990302576,Card Was Mailed To Me,"August 20, 2021",,4-Approved
1990302579,Card Was Mailed To Me,"August 20, 2021",,4-Approved
1990302582,Card Was Mailed To Me,"August 20, 2021",,4-Approved
1990302584,Card Was Mailed To Me,"August 20, 2021",,4-Approved
1990307428,New Card Is Being Produced,"August 20, 2021",,4-Approved
1990334218,RFE Responded,"August 20, 2021",,2a-RFE
1990334221,RFE Responded,"August 20, 2021",,2a-RFE
1990173227,Card Was Delivered,"August 21, 2021",,4-Approved
1990173230,Card Was Delivered,"August 21, 2021",,4-Approved
1990173233,Card Was Delivered,"August 21, 2021",,4-Approved
1990270781,Interview Was Scheduled,"August 23, 2021",,3-Interview
1990303921,Card Was Delivered,"August 23, 2021",,4-Approved
1990303924,Card Was Delivered,"August 23, 2021",,4-Approved
1990303927,Card Was Delivered,"August 23, 2021",,4-Approved
1990338423,New Card Is Being Produced,"August 23, 2021",,4-Approved
1990212739,RFE Responded,"August 23, 2021",,2a-RFE
1990212742,RFE Responded,"August 23, 2021",,2a-RFE
1990014406,New Card Is Being Produced,"August 24, 2021",,4-Approved
1990049351,Document Was Mailed,"August 25, 2021",,9-Others
1990212739,Name Was Updated,"August 25, 2021",,2c-UpdateInfo
1990212742,Name Was Updated,"August 25, 2021",,2c-UpdateInfo
1990226177,New Card Is Being Produced,"August 24, 2021",,4-Approved
1990309808,New Card Is Being Produced,"August 24, 2021",,4-Approved
1990309811,New Card Is Being Produced,"August 24, 2021",,4-Approved
1990323714,RFE Responded,"August 24, 2021",,2a-RFE
1990323716,RFE Responded,"August 24, 2021",,2a-RFE
1990323726,RFE Responded,"August 24, 2021",,2a-RFE
1990328207,RFE Responded,"August 24, 2021",,2a-RFE
1990014406,Case Was Approved,"August 25, 2021",,4-Approved
1990193971,New Card Is Being Produced,"August 25, 2021",,4-Approved
1990193974,New Card Is Being Produced,"August 25, 2021",,4-Approved
1990302576,Card Was Delivered,"August 25, 2021",,4-Approved
1990302579,Card Was Delivered,"August 25, 2021",,4-Approved
1990302582,Card Was Delivered,"August 25, 2021",,4-Approved
1990302584,Card Was Delivered,"August 25, 2021",,4-Approved
1990309808,Case Was Approved,"August 25, 2021",,4-Approved
1990309811,Case Was Approved,"August 25, 2021",,4-Approved
1990312942,RFE Responded,"August 25, 2021",,2a-RFE
1990318214,RFE Responded,"August 25, 2021",,2a-RFE
1990323712,RFE Responded,"August 25, 2021",,2a-RFE
1990323720,RFE Responded,"August 25, 2021",,2a-RFE
1990323724,RFE Responded,"August 25, 2021",,2a-RFE
1990338423,Card Was Mailed To Me,"August 25, 2021",,4-Approved
1990136241,Interview Was Completed,"August 27, 2021",,3-Interview
1990193971,Case Was Approved,"August 26, 2021",,4-Approved
1990193974,Case Was Approved,"August 26, 2021",,4-Approved
1990226177,Case Was Approved,"August 26, 2021",,4-Approved
1990284805,Card Was Delivered,"August 26, 2021",,4-Approved
1990304295,New Card Is Being Produced,"August 26, 2021",,4-Approved
1990307428,Case Was Approved,"August 26, 2021",,4-Approved
1990326930,New Card Is Being Produced,"August 26, 2021",,4-Approved
1990326933,New Card Is Being Produced,"August 26, 2021",,4-Approved
1990335119,RFE Responded,"August 26, 2021",,2a-RFE
1990335121,RFE Responded,"August 26, 2021",,2a-RFE
1990008039,New Card Is Being Produced,"August 27, 2021",,4-Approved
1990014406,Card Was Mailed To Me,"August 27, 2021",,4-Approved
1990122651,Expedite Request Denied,"August 27, 2021",,2b-Expedite
1990226177,Card Was Mailed To Me,"August 27, 2021",,4-Approved
1990236220,Case Was Denied,"August 27, 2021",,4-Denied
1990236223,Case Was Denied,"August 27, 2021",,4-Denied
1990298295,Card Was Destroyed,"August 27, 2021",,9-Others
1990304295,Case Was Approved,"August 27, 2021",,4-Approved
1990309811,Card Was Mailed To Me,"August 27, 2021",,4-Approved
1990310344,RFE Responded,"August 27, 2021",,2a-RFE
1990323718,RFE Responded,"August 27, 2021",,2a-RFE
1990326930,Case Was Approved,"August 27, 2021",,4-Approved
1990326933,Case Was Approved,"August 27, 2021",,4-Approved
1990298289,Card Was Delivered,"August 28, 2021",,4-Approved
1990338423,Card Was Delivered,"August 28, 2021",,4-Approved
1990020903,Case Was Transferred,"August 30, 2021",,0-Received
1990193971,Card Was Mailed To Me,"August 30, 2021",,4-Approved
1990193974,Card Was Mailed To Me,"August 30, 2021",,4-Approved
1990304295,Card Was Mailed To Me,"August 30, 2021",,4-Approved
1990307428,Card Was Mailed To Me,"August 30, 2021",,4-Approved
1990309808,Card Was Mailed To Me,"August 30, 2021",,4-Approved
1990326930,Card Was Mailed To Me,"August 30, 2021",,4-Approved
1990326933,Card Was Mailed To Me,"August 30, 2021",,4-Approved
1990162357,New Card Is Being Produced,"August 31, 2021",,4-Approved
1990226177,Card Was Delivered,"August 31, 2021",,4-Approved
1990280897,Case Was Transferred,"August 31, 2021",,0-Received
1990321201,Expedite Request Denied,"August 31, 2021",,2b-Expedite
1990337213,New Card Is Being Produced,"August 31, 2021",,4-Approved
1990250010,New Card Is Being Produced,"September 1, 2021",,4-Approved
1990264952,Case Was Transferred,"September 1, 2021",,0-Received
1990264954,Case Was Transferred,"September 1, 2021",,0-Received
1990304295,Card Was Delivered,"September 1, 2021",,4-Approved
1990306230,RFE Sent,"September 1, 2021",,2a-RFE
1990309811,Card Was Delivered,"September 1, 2021",,4-Approved
1990318214,Case Was Approved,"September 1, 2021",,4-Approved
1990328970,New Card Is Being Produced,"September 1, 2021",,4-Approved
1990337213,Case Was Approved,"September 1, 2021",,4-Approved
1990014406,Card Was Delivered,"September 1, 2021",,4-Approved
1990008039,Case Was Approved,"September 2, 2021",,4-Approved
1990162357,Card Was Mailed To Me,"September 2, 2021",,4-Approved
1990274749,Expedite Request Received,"September 2, 2021",,2b-Expedite
1990307428,Card Was Delivered,"September 2, 2021",,4-Approved
1990309808,Card Was Delivered,"September 2, 2021",,4-Approved
1990326930,Card Was Delivered,"September 2, 2021",,4-Approved
1990326933,Card Was Delivered,"September 2, 2021",,4-Approved
1990250010,Case Was Approved,"September 3, 2021",,4-Approved
1990328970,Case Was Approved,"September 3, 2021",,4-Approved
1990315089,New Card Is Being Produced,"September 3, 2021",,4-Approved
1990315092,New Card Is Being Produced,"September 3, 2021",,4-Approved
1990328970,Card Was Mailed To Me,"September 3, 2021",,4-Approved
1990337213,Card Was Mailed To Me,"September 3, 2021",,4-Approved
1990193971,Card Was Delivered,"September 7, 2021",,4-Approved
1990193974,Card Was Delivered,"September 7, 2021",,4-Approved
1990162357,Card Was Delivered,"September 7, 2021",,4-Approved
1990163837,Case Was Denied,"September 8, 2021",,4-Denied
1990163839,Case Was Denied,"September 8, 2021",,4-Denied
1990312942,New Card Is Being Produced,"September 7, 2021",,4-Approved
1990315089,Case Was Approved,"September 8, 2021",,4-Approved
1990315092,Case Was Approved,"September 8, 2021",,4-Approved
1990337213,Card Was Delivered,"September 8, 2021",,4-Approved
1990250010,Card Was Mailed To Me,"September 9, 2021",,4-Approved
1990312942,Card Was Mailed To Me,"September 9, 2021",,4-Approved
1990328970,Card Was Delivered,"September 9, 2021",,4-Approved
1990314990,Fingerprints Taken,"September 9, 2021",,1-Fingerprint-taken
1990314993,Fingerprints Taken,"September 9, 2021",,1-Fingerprint-taken
1990314996,Fingerprints Taken,"September 9, 2021",,1-Fingerprint-taken
1990315089,Fingerprints Taken,"September 9, 2021",,1-Fingerprint-taken
1990315092,Fingerprints Taken,"September 9, 2021",,1-Fingerprint-taken
1990317486,Fingerprints Taken,"September 9, 2021",,1-Fingerprint-taken
1990318261,Fingerprints Taken,"September 10, 2021",,1-Fingerprint-taken
1990321380,Fingerprints Taken,"September 9, 2021",,1-Fingerprint-taken
1990321382,Fingerprints Taken,"September 9, 2021",,1-Fingerprint-taken
1990321384,Fingerprints Taken,"September 9, 2021",,1-Fingerprint-taken
1990323709,Fingerprints Taken,"September 9, 2021",,1-Fingerprint-taken
1990323714,Fingerprints Taken,"September 9, 2021",,1-Fingerprint-taken
1990323718,Fingerprints Taken,"September 9, 2021",,1-Fingerprint-taken
1990323726,Fingerprints Taken,"September 9, 2021",,1-Fingerprint-taken
1990323747,Fingerprints Taken,"September 9, 2021",,1-Fingerprint-taken
1990323756,Fingerprints Taken,"September 9, 2021",,1-Fingerprint-taken
1990325505,Fingerprints Taken,"September 9, 2021",,1-Fingerprint-taken
1990325508,Fingerprints Taken,"September 9, 2021",,1-Fingerprint-taken
1990326930,Fingerprints Taken,"September 9, 2021",,1-Fingerprint-taken
1990326933,Fingerprints Taken,"September 9, 2021",,1-Fingerprint-taken
1990162360,New Card Is Being Produced,"September 10, 2021",,4-Approved
1990203909,RFE Responded,"September 10, 2021",,2a-RFE
1990226202,Fingerprints Taken,"September 10, 2021",,1-Fingerprint-taken
1990227799,RFE Responded,"September 10, 2021",,2a-RFE
1990227802,RFE Responded,"September 10, 2021",,2a-RFE
1990250010,Card Was Delivered,"September 10, 2021",,4-Approved
1990251091,RFE Responded,"September 10, 2021",,2a-RFE
1990295882,Interview Was Scheduled,"September 10, 2021",,3-Interview
1990295885,Interview Was Scheduled,"September 10, 2021",,3-Interview
1990295888,Interview Was Scheduled,"September 10, 2021",,3-Interview
1990300881,Fingerprints Taken,"September 10, 2021",,1-Fingerprint-taken
1990323750,Fingerprints Taken,"September 10, 2021",,1-Fingerprint-taken
1990338429,Fingerprints Taken,"September 10, 2021",,1-Fingerprint-taken
1990312942,Card Was Delivered,"September 11, 2021",,4-Approved
1990328207,Case Was Approved,"September 11, 2021",,4-Approved
1990334218,Case Was Approved,"September 11, 2021",,4-Approved
1990334221,Case Was Approved,"September 11, 2021",,4-Approved
1990130638,RFE Responded,"September 13, 2021",,2a-RFE
1990162360,Case Was Approved,"September 13, 2021",,4-Approved
1990247982,RFE Sent,"September 13, 2021",,2a-RFE
1990288109,Expedite Request Denied,"September 13, 2021",,2b-Expedite
1990162360,Card Was Mailed To Me,"September 14, 2021",,4-Approved
1990169770,Fingerprints Taken,"September 14, 2021",,1-Fingerprint-taken
1990328207,Card Was Mailed To Me,"September 14, 2021",,4-Approved
1990334218,Card Was Mailed To Me,"September 14, 2021",,4-Approved
1990334221,Card Was Mailed To Me,"September 14, 2021",,4-Approved
1990069807,New Card Is Being Produced,"September 15, 2021",,4-Approved
1990315902,New Card Is Being Produced,"September 15, 2021",,4-Approved
1990315904,New Card Is Being Produced,"September 15, 2021",,4-Approved
1990315906,New Card Is Being Produced,"September 15, 2021",,4-Approved
1990315908,New Card Is Being Produced,"September 15, 2021",,4-Approved
1990069807,Case Was Approved,"September 16, 2021",,4-Approved
1990162360,Card Was Delivered,"September 16, 2021",,4-Approved
1990169767,RFE Responded,"September 16, 2021",,2a-RFE
1990169770,RFE Responded,"September 16, 2021",,2a-RFE
1990169773,RFE Responded,"September 16, 2021",,2a-RFE
1990297373,New Card Is Being Produced,"September 16, 2021",,4-Approved
1990315902,Case Was Approved,"September 16, 2021",,4-Approved
1990315904,Case Was Approved,"September 16, 2021",,4-Approved
1990315906,Case Was Approved,"September 16, 2021",,4-Approved
1990315908,Case Was Approved,"September 16, 2021",,4-Approved
1990318682,RFE Sent,"September 16, 2021",,2a-RFE
1990318685,RFE Sent,"September 16, 2021",,2a-RFE
1990318688,RFE Sent,"September 16, 2021",,2a-RFE
1990327200,Case Closed Benefit Received By Other Means,"September 16, 2021",,7-Withdrawn
1990327203,Case Closed Benefit Received By Other Means,"September 16, 2021",,7-Withdrawn
1990008039,Card Was Mailed To Me,"September 17, 2021",,4-Approved
1990069807,Card Was Mailed To Me,"September 17, 2021",,4-Approved
1990072511,RFE Responded,"September 17, 2021",,2a-RFE
1990127683,Notice Explaining USCIS Actions Was Mailed,"September 17, 2021",,9-Others
1990128342,Notice Explaining USCIS Actions Was Mailed,"September 17, 2021",,9-Others
1990297373,Case Was Approved,"September 17, 2021",,4-Approved
1990310344,New Card Is Being Produced,"September 17, 2021",,4-Approved
1990315902,Card Was Mailed To Me,"September 17, 2021",,4-Approved
1990315906,Card Was Mailed To Me,"September 17, 2021",,4-Approved
1990315908,Card Was Mailed To Me,"September 17, 2021",,4-Approved
1990328207,Card Was Delivered,"September 17, 2021",,4-Approved
1990334218,Card Was Delivered,"September 17, 2021",,4-Approved
1990334221,Card Was Delivered,"September 17, 2021",,4-Approved
1990315904,Card Was Mailed To Me,"September 20, 2021",,4-Approved
1990172866,Case Was Transferred,"September 21, 2021",,0-Received
1990297373,Card Was Mailed To Me,"September 21, 2021",,4-Approved
1990310344,Case Was Approved,"September 21, 2021",,4-Approved
1990315902,Card Was Delivered,"September 21, 2021",,4-Approved
1990315906,Card Was Delivered,"September 21, 2021",,4-Approved
1990315908,Card Was Delivered,"September 21, 2021",,4-Approved
1990001982,Interview Was Completed,"September 23, 2021",,3-Interview
1990008039,Card Was Delivered,"September 22, 2021",,4-Approved
1990069807,Card Was Delivered,"September 22, 2021",,4-Approved
1990132062,New Card Is Being Produced,"September 22, 2021",,4-Approved
1990310344,Card Was Mailed To Me,"September 22, 2021",,4-Approved
1990315904,Card Was Delivered,"September 22, 2021",,4-Approved
1990327626,Case Was Transferred,"September 22, 2021",,0-Received
1990334960,RFE Responded,"September 22, 2021",,2a-RFE
1990017563,New Card Is Being Produced,"September 23, 2021",,4-Approved
1990132062,Case Was Approved,"September 23, 2021",,4-Approved
1990323738,Fingerprints Taken,"September 23, 2021",,1-Fingerprint-taken
1990318214,Fingerprints Taken,"September 24, 2021",,1-Fingerprint-taken
1990321359,Fingerprints Taken,"September 24, 2021",,1-Fingerprint-taken
1990321362,Fingerprints Taken,"September 24, 2021",,1-Fingerprint-taken
1990322118,Fingerprints Taken,"September 24, 2021",,1-Fingerprint-taken
1990323712,Fingerprints Taken,"September 24, 2021",,1-Fingerprint-taken
1990323759,Fingerprints Taken,"September 24, 2021",,1-Fingerprint-taken
1990324767,Fingerprints Taken,"September 24, 2021",,1-Fingerprint-taken
1990288103,Fingerprints Taken,"September 25, 2021",,1-Fingerprint-taken
1990297373,Card Was Delivered,"September 25, 2021",,4-Approved
1990017563,Case Was Approved,"September 27, 2021",,4-Approved
1990169767,New Card Is Being Produced,"September 27, 2021",,4-Approved
1990169770,New Card Is Being Produced,"September 27, 2021",,4-Approved
1990169773,New Card Is Being Produced,"September 27, 2021",,4-Approved
1990310344,Card Was Delivered,"September 27, 2021",,4-Approved
1990317053,Fingerprints Taken,"September 27, 2021",,1-Fingerprint-taken
1990319068,New Card Is Being Produced,"September 27, 2021",,4-Approved
1990323738,Card Was Mailed To Me,"September 27, 2021",,4-Approved
1990017563,Card Was Mailed To Me,"September 28, 2021",,4-Approved
1990132062,Card Was Mailed To Me,"September 28, 2021",,4-Approved
1990317053,New Card Is Being Produced,"September 28, 2021",,4-Approved
1990318214,Card Was Mailed To Me,"September 28, 2021",,4-Approved
1990169767,Card Was Mailed To Me,"September 29, 2021",,4-Approved
1990169770,Card Was Mailed To Me,"September 29, 2021",,4-Approved
1990169773,Card Was Mailed To Me,"September 29, 2021",,4-Approved
1990317053,Case Was Approved,"September 29, 2021",,4-Approved
1990319068,Card Was Mailed To Me,"September 29, 2021",,4-Approved
1990323738,Card Was Delivered,"September 29, 2021",,4-Approved
1990203909,New Card Is Being Produced,"September 30, 2021",,4-Approved
1990203912,New Card Is Being Produced,"September 30, 2021",,4-Approved
1990251091,New Card Is Being Produced,"September 30, 2021",,4-Approved
1990017563,Card Was Delivered,"October 1, 2021",,4-Approved
1990317053,Card Was Mailed To Me,"October 1, 2021",,4-Approved
1990318214,Card Was Delivered,"October 1, 2021",,4-Approved
1990319068,Card Was Delivered,"October 2, 2021",,4-Approved
1990127748,New Card Is Being Produced,"October 4, 2021",,4-Approved
1990203909,Case Was Approved,"October 4, 2021",,4-Approved
1990203912,Case Was Approved,"October 4, 2021",,4-Approved
1990251091,Case Was Approved,"October 4, 2021",,4-Approved
1990290043,New Card Is Being Produced,"October 4, 2021",,4-Approved
1990314931,Fingerprints Taken,"October 4, 2021",,1-Fingerprint-taken
1990318682,Fingerprints Taken,"October 4, 2021",,1-Fingerprint-taken
1990318685,Fingerprints Taken,"October 4, 2021",,1-Fingerprint-taken
1990318688,Fingerprints Taken,"October 4, 2021",,1-Fingerprint-taken
1990319983,Fingerprints Taken,"October 4, 2021",,1-Fingerprint-taken
1990314934,Fingerprints Taken,"October 4, 2021",,1-Fingerprint-taken
1990321365,Fingerprints Taken,"October 4, 2021",,1-Fingerprint-taken
1990325487,Fingerprints Taken,"October 4, 2021",,1-Fingerprint-taken
1990127748,Case Was Approved,"October 5, 2021",,4-Approved
1990203909,Card Was Mailed To Me,"October 5, 2021",,4-Approved
1990203912,Card Was Mailed To Me,"October 5, 2021",,4-Approved
1990319980,Fingerprints Taken,"October 5, 2021",,1-Fingerprint-taken
1990323716,Fingerprints Taken,"October 5, 2021",,1-Fingerprint-taken
1990127748,Card Was Mailed To Me,"October 6, 2021",,4-Approved
1990323712,New Card Is Being Produced,"October 6, 2021",,4-Approved
1990323714,New Card Is Being Produced,"October 6, 2021",,4-Approved
1990323716,New Card Is Being Produced,"October 6, 2021",,4-Approved
1990323718,New Card Is Being Produced,"October 6, 2021",,4-Approved
1990323720,New Card Is Being Produced,"October 6, 2021",,4-Approved
1990323724,New Card Is Being Produced,"October 6, 2021",,4-Approved
1990323726,New Card Is Being Produced,"October 6, 2021",,4-Approved
1990085716,Case Was Denied,"October 7, 2021",,4-Denied
1990107262,Expedite Request Denied,"October 7, 2021",,2b-Expedite
1990226199,RFE Responded,"October 7, 2021",,2a-RFE
1990290043,Card Was Mailed To Me,"October 7, 2021",,4-Approved
1990317053,Card Was Delivered,"October 7, 2021",,4-Approved
1990323712,Case Was Approved,"October 7, 2021",,4-Approved
1990323714,Case Was Approved,"October 7, 2021",,4-Approved
1990323716,Case Was Approved,"October 7, 2021",,4-Approved
1990323718,Case Was Approved,"October 7, 2021",,4-Approved
1990323720,Case Was Approved,"October 7, 2021",,4-Approved
1990323724,Case Was Approved,"October 7, 2021",,4-Approved
1990323726,Case Was Approved,"October 7, 2021",,4-Approved
1990334960,New Card Is Being Produced,"October 7, 2021",,4-Approved
1990203909,Card Was Delivered,"October 7, 2021",,4-Approved
1990203912,Card Was Delivered,"October 8, 2021",,4-Approved
1990212739,Case Was Transferred,"October 8, 2021",,0-Received
1990212742,Case Was Transferred,"October 8, 2021",,0-Received
1990316488,Fingerprints Taken,"October 8, 2021",,1-Fingerprint-taken
1990318040,Fingerprints Taken,"October 8, 2021",,1-Fingerprint-taken
1990334960,Case Was Approved,"October 8, 2021",,4-Approved
1990127748,Card Was Delivered,"October 9, 2021",,4-Approved
1990288103,Name Was Updated,"October 12, 2021",,2c-UpdateInfo
1990323712,Card Was Mailed To Me,"October 12, 2021",,4-Approved
1990323714,Card Was Mailed To Me,"October 12, 2021",,4-Approved
1990323716,Card Was Mailed To Me,"October 12, 2021",,4-Approved
1990323718,Card Was Mailed To Me,"October 12, 2021",,4-Approved
1990323720,Card Was Mailed To Me,"October 12, 2021",,4-Approved
1990323724,Card Was Mailed To Me,"October 12, 2021",,4-Approved
1990323726,Card Was Mailed To Me,"October 12, 2021",,4-Approved
1990334960,Card Was Mailed To Me,"October 12, 2021",,4-Approved
1990227799,New Card Is Being Produced,"October 14, 2021",,4-Approved
1990227802,New Card Is Being Produced,"October 14, 2021",,4-Approved
1990323712,Card Was Delivered,"October 14, 2021",,4-Approved
1990323714,Card Was Delivered,"October 14, 2021",,4-Approved
1990323716,Card Was Delivered,"October 14, 2021",,4-Approved
1990323718,Card Was Delivered,"October 14, 2021",,4-Approved
1990323720,Card Was Delivered,"October 14, 2021",,4-Approved
1990323724,Card Was Delivered,"October 14, 2021",,4-Approved
1990323726,Card Was Delivered,"October 14, 2021",,4-Approved
1990334960,Card Was Delivered,"October 14, 2021",,4-Approved
1990227799,Case Was Approved,"October 15, 2021",,4-Approved
1990227802,Case Was Approved,"October 15, 2021",,4-Approved
1990306230,RFE Responded,"October 15, 2021",,2a-RFE
1990335514,RFE Responded,"October 21, 2021",,2a-RFE
1990335516,RFE Responded,"October 21, 2021",,2a-RFE
1990335518,RFE Responded,"October 21, 2021",,2a-RFE
1990227799,Card Was Delivered,"October 22, 2021",,4-Approved
1990227802,Card Was Delivered,"October 22, 2021",,4-Approved
1990251091,Card Was Mailed To Me,"October 22, 2021",,4-Approved
1990318682,RFE Responded,"October 22, 2021",,2a-RFE
1990318685,RFE Responded,"October 22, 2021",,2a-RFE
1990318688,RFE Responded,"October 22, 2021",,2a-RFE
1990301732,Fingerprints Taken,"October 25, 2021",,1-Fingerprint-taken
1990323722,Fingerprints Taken,"October 26, 2021",,1-Fingerprint-taken
1990251091,Card Was Delivered,"October 27, 2021",,4-Approved
1990284788,RFE Responded,"October 29, 2021",,2a-RFE
1990284791,RFE Responded,"October 29, 2021",,2a-RFE
1990284794,RFE Responded,"October 29, 2021",,2a-RFE
1990284797,RFE Responded,"October 29, 2021",,2a-RFE
1990335514,New Card Is Being Produced,"November 1, 2021",,4-Approved
1990335516,New Card Is Being Produced,"November 1, 2021",,4-Approved
1990335518,New Card Is Being Produced,"November 1, 2021",,4-Approved
1990018585,RFE Sent,"November 2, 2021",,2a-RFE
1990335514,Case Was Approved,"November 2, 2021",,4-Approved
1990335516,Case Was Approved,"November 2, 2021",,4-Approved
1990335518,Case Was Approved,"November 2, 2021",,4-Approved
1990291077,RFE Sent,"November 3, 2021",,2a-RFE
1990335514,Card Was Mailed To Me,"November 3, 2021",,4-Approved
1990335516,Card Was Mailed To Me,"November 3, 2021",,4-Approved
1990335518,Card Was Mailed To Me,"November 3, 2021",,4-Approved
1990004430,RFE Sent,"November 4, 2021",,2a-RFE
1990335514,Card Was Delivered,"November 6, 2021",,4-Approved
1990335516,Card Was Delivered,"November 6, 2021",,4-Approved
1990335518,Card Was Delivered,"November 6, 2021",,4-Approved
1990013464,RFE Sent,"November 9, 2021",,2a-RFE
1990242594,RFE Sent,"November 9, 2021",,2a-RFE
1990328498,RFE Sent,"November 9, 2021",,2a-RFE
1990328501,RFE Sent,"November 9, 2021",,2a-RFE
1990311574,RFE Sent,"November 10, 2021",,2a-RFE
1990311577,RFE Sent,"November 10, 2021",,2a-RFE
1990020906,Case Was Transferred,"November 12, 2021",,0-Received
1990020909,Case Was Transferred,"November 12, 2021",,0-Received
1990020912,Case Was Transferred,"November 12, 2021",,0-Received
1990020915,Case Was Transferred,"November 12, 2021",,0-Received
1990271381,RFE Sent,"November 12, 2021",,2a-RFE
1990271384,RFE Sent,"November 12, 2021",,2a-RFE
1990271387,RFE Sent,"November 12, 2021",,2a-RFE
1990271390,RFE Sent,"November 12, 2021",,2a-RFE
1990065824,RFE Sent,"November 15, 2021",,2a-RFE
1990111045,RFE Sent,"November 15, 2021",,2a-RFE
1990111047,RFE Sent,"November 15, 2021",,2a-RFE
1990111049,RFE Sent,"November 15, 2021",,2a-RFE
1990111051,RFE Sent,"November 15, 2021",,2a-RFE
1990328149,Notice Explaining USCIS Actions Was Mailed,"November 15, 2021",,9-Others
1990202371,RFE Sent,"November 16, 2021",,2a-RFE
1990260353,RFE Sent,"November 16, 2021",,2a-RFE
1990323759,RFE Sent,"November 16, 2021",,2a-RFE
1990082354,RFE Sent,"November 17, 2021",,2a-RFE
1990217844,RFE Sent,"November 17, 2021",,2a-RFE
1990044066,Interview Was Ready,"November 18, 2021",,3-Interview
1990111957,Interview Was Ready,"November 18, 2021",,3-Interview
1990111959,Interview Was Ready,"November 18, 2021",,3-Interview
1990111962,Interview Was Ready,"November 18, 2021",,3-Interview
1990212742,New Card Is Being Produced,"November 18, 2021",,4-Approved
1990301732,Interview Was Ready,"November 18, 2021",,3-Interview
1990212742,Case Was Approved,"November 19, 2021",,4-Approved
1990044066,Case Was Transferred,"November 22, 2021",,0-Received
1990111957,Case Was Transferred,"November 22, 2021",,0-Received
1990111959,Case Was Transferred,"November 22, 2021",,0-Received
1990111962,Case Was Transferred,"November 22, 2021",,0-Received
1990128934,RFE Sent,"November 22, 2021",,2a-RFE
1990143451,RFE Responded,"November 22, 2021",,2a-RFE
1990212742,Card Was Mailed To Me,"November 22, 2021",,4-Approved
1990245252,RFE Sent,"November 22, 2021",,2a-RFE
1990300879,RFE Sent,"November 22, 2021",,2a-RFE
1990300881,RFE Sent,"November 22, 2021",,2a-RFE
1990300883,RFE Sent,"November 22, 2021",,2a-RFE
1990300885,RFE Sent,"November 22, 2021",,2a-RFE
1990300887,RFE Sent,"November 22, 2021",,2a-RFE
1990300889,New Card Is Being Produced,"November 22, 2021",,4-Approved
1990027546,RFE Sent,"November 23, 2021",,2a-RFE
1990076618,RFE Sent,"November 23, 2021",,2a-RFE
1990216430,Case Was Denied,"November 23, 2021",,4-Denied
1990300889,Case Was Approved,"November 23, 2021",,4-Approved
1990324109,Interview Was Completed,"November 24, 2021",,3-Interview
1990324112,Interview Was Completed,"November 24, 2021",,3-Interview
1990133491,RFE Sent,"November 24, 2021",,2a-RFE
1990300889,Card Was Mailed To Me,"November 24, 2021",,4-Approved
1990301732,Interview Was Scheduled,"November 27, 2021",,3-Interview
1990044066,Interview Was Scheduled,"November 29, 2021",,3-Interview
1990045773,RFE Sent,"November 29, 2021",,2a-RFE
1990111047,RFE Responded,"November 29, 2021",,2a-RFE
1990111957,Interview Was Scheduled,"November 29, 2021",,3-Interview
1990111959,Interview Was Scheduled,"November 29, 2021",,3-Interview
1990111962,Interview Was Scheduled,"November 29, 2021",,3-Interview
1990212742,Card Was Delivered,"November 29, 2021",,4-Approved
1990020546,RFE Sent,"November 30, 2021",,2a-RFE
1990020549,RFE Sent,"November 30, 2021",,2a-RFE
1990020552,RFE Sent,"November 30, 2021",,2a-RFE
1990020553,RFE Sent,"November 30, 2021",,2a-RFE
1990274755,RFE Sent,"December 1, 2021",,2a-RFE
1990300889,Card Was Delivered,"December 1, 2021",,4-Approved
1990311574,RFE Responded,"December 1, 2021",,2a-RFE
1990311577,RFE Responded,"December 1, 2021",,2a-RFE
1990108278,RFE Sent,"December 2, 2021",,2a-RFE
1990217844,RFE Responded,"December 2, 2021",,2a-RFE
1990226202,RFE Sent,"December 2, 2021",,2a-RFE
1990226205,RFE Sent,"December 2, 2021",,2a-RFE
1990226208,RFE Sent,"December 2, 2021",,2a-RFE
1990226211,RFE Sent,"December 2, 2021",,2a-RFE
1990321195,RFE Sent,"December 2, 2021",,2a-RFE
1990321198,RFE Sent,"December 2, 2021",,2a-RFE
1990321201,RFE Sent,"December 2, 2021",,2a-RFE
1990321204,RFE Sent,"December 2, 2021",,2a-RFE
1990122651,RFE Sent,"December 3, 2021",,2a-RFE
1990187547,New Card Is Being Produced,"December 3, 2021",,4-Approved
1990217844,Name Was Updated,"December 3, 2021",,2c-UpdateInfo
1990323069,RFE Sent,"December 3, 2021",,2a-RFE
1990324109,New Card Is Being Produced,"December 3, 2021",,4-Approved
1990324112,New Card Is Being Produced,"December 3, 2021",,4-Approved
1990111047,New Card Is Being Produced,"December 6, 2021",,4-Approved
1990187547,Case Was Approved,"December 6, 2021",,4-Approved
1990324109,Case Was Approved,"December 6, 2021",,4-Approved
1990324112,Case Was Approved,"December 6, 2021",,4-Approved
1990018585,RFE Responded,"December 7, 2021",,2a-RFE
1990111047,Case Was Approved,"December 7, 2021",,4-Approved
1990202339,Interview Was NoShow,"December 7, 2021",,3-Interview
1990217841,Name Was Updated,"December 7, 2021",,2c-UpdateInfo
1990288111,New Card Is Being Produced,"December 7, 2021",,4-Approved
1990288114,New Card Is Being Produced,"December 7, 2021",,4-Approved
1990288117,New Card Is Being Produced,"December 7, 2021",,4-Approved
1990288120,New Card Is Being Produced,"December 7, 2021",,4-Approved
1990306230,New Card Is Being Produced,"December 7, 2021",,4-Approved
1990323722,RFE Responded,"December 7, 2021",,2a-RFE
1990324109,Card Was Mailed To Me,"December 7, 2021",,4-Approved
1990324112,Card Was Mailed To Me,"December 7, 2021",,4-Approved
1990004430,RFE Responded,"December 8, 2021",,2a-RFE
1990187547,Card Was Mailed To Me,"December 8, 2021",,4-Approved
1990251088,RFE Sent,"December 8, 2021",,2a-RFE
1990288111,Case Was Approved,"December 8, 2021",,4-Approved
1990288114,Case Was Approved,"December 8, 2021",,4-Approved
1990288117,Case Was Approved,"December 8, 2021",,4-Approved
1990288120,Case Was Approved,"December 8, 2021",,4-Approved
1990306230,Case Was Approved,"December 8, 2021",,4-Approved
1990078952,RFE Sent,"December 9, 2021",,2a-RFE
1990111047,Card Was Mailed To Me,"December 9, 2021",,4-Approved
1990250013,Interview Was Scheduled,"December 9, 2021",,3-Interview
1990284788,New Card Is Being Produced,"December 9, 2021",,4-Approved
1990284791,New Card Is Being Produced,"December 9, 2021",,4-Approved
1990284794,New Card Is Being Produced,"December 9, 2021",,4-Approved
1990284797,New Card Is Being Produced,"December 9, 2021",,4-Approved
1990288111,Card Was Mailed To Me,"December 9, 2021",,4-Approved
1990288114,Card Was Mailed To Me,"December 9, 2021",,4-Approved
1990288117,Card Was Mailed To Me,"December 9, 2021",,4-Approved
1990288120,Card Was Mailed To Me,"December 9, 2021",,4-Approved
1990312564,RFE Sent,"December 9, 2021",,2a-RFE
1990312567,RFE Sent,"December 9, 2021",,2a-RFE
1990312570,RFE Sent,"December 9, 2021",,2a-RFE
1990312573,RFE Sent,"December 9, 2021",,2a-RFE
1990312576,RFE Sent,"December 9, 2021",,2a-RFE
1990324109,Card Was Delivered,"December 9, 2021",,4-Approved
1990324112,Card Was Delivered,"December 9, 2021",,4-Approved
1990326936,RFE Sent,"December 9, 2021",,2a-RFE
1990284788,Case Was Approved,"December 10, 2021",,4-Approved
1990284791,Case Was Approved,"December 10, 2021",,4-Approved
1990284794,Case Was Approved,"December 10, 2021",,4-Approved
1990284797,Case Was Approved,"December 10, 2021",,4-Approved
1990306230,Card Was Mailed To Me,"December 10, 2021",,4-Approved
1990336457,RFE Sent,"December 10, 2021",,2a-RFE
1990336459,RFE Sent,"December 10, 2021",,2a-RFE
1990336461,RFE Sent,"December 10, 2021",,2a-RFE
1990111047,Card Was Delivered,"December 11, 2021",,4-Approved
1990187547,Card Was Delivered,"December 13, 2021",,4-Approved
1990284788,Card Was Mailed To Me,"December 13, 2021",,4-Approved
1990284791,Card Was Mailed To Me,"December 13, 2021",,4-Approved
1990284794,Card Was Mailed To Me,"December 13, 2021",,4-Approved
1990284797,Card Was Mailed To Me,"December 13, 2021",,4-Approved
1990082354,RFE Responded,"December 14, 2021",,2a-RFE
1990224574,Case Was Denied,"December 14, 2021",,4-Denied
1990271381,RFE Responded,"December 14, 2021",,2a-RFE
1990271384,RFE Responded,"December 14, 2021",,2a-RFE
1990271387,RFE Responded,"December 14, 2021",,2a-RFE
1990271390,RFE Responded,"December 14, 2021",,2a-RFE
1990305917,RFE Responded,"December 14, 2021",,2a-RFE
1990306230,Card Was Delivered,"December 14, 2021",,4-Approved
1990111049,RFE Responded,"December 15, 2021",,2a-RFE
1990111051,RFE Responded,"December 15, 2021",,2a-RFE
1990245252,RFE Responded,"December 15, 2021",,2a-RFE
1990288111,Card Was Delivered,"December 15, 2021",,4-Approved
1990288114,Card Was Delivered,"December 15, 2021",,4-Approved
1990288117,Card Was Delivered,"December 15, 2021",,4-Approved
1990288120,Card Was Delivered,"December 15, 2021",,4-Approved
1990338780,Case Was Denied,"December 15, 2021",,4-Denied
1990338782,Case Was Denied,"December 15, 2021",,4-Denied
1990338784,Case Was Denied,"December 15, 2021",,4-Denied
1990338786,Case Was Denied,"December 15, 2021",,4-Denied
1990018585,Case Was Approved,"December 16, 2021",,4-Approved
1990111045,RFE Responded,"December 16, 2021",,2a-RFE
1990284788,Card Was Delivered,"December 16, 2021",,4-Approved
1990284791,Card Was Delivered,"December 16, 2021",,4-Approved
1990284794,Card Was Delivered,"December 16, 2021",,4-Approved
1990284797,Card Was Delivered,"December 16, 2021",,4-Approved
1990128342,RFE Responded,"December 17, 2021",,2a-RFE
1990300844,Case Was Transferred,"December 17, 2021",,0-Received
1990300847,Case Was Transferred,"December 17, 2021",,0-Received
1990018585,Card Was Mailed To Me,"December 20, 2021",,4-Approved
1990088409,RFE Sent,"December 20, 2021",,2a-RFE
1990088412,RFE Sent,"December 20, 2021",,2a-RFE
1990088415,RFE Sent,"December 20, 2021",,2a-RFE
1990335189,Case Was Transferred,"December 20, 2021",,0-Received
1990335191,Case Was Transferred,"December 20, 2021",,0-Received
1990335195,Case Was Transferred,"December 20, 2021",,0-Received
1990065824,RFE Responded,"December 21, 2021",,2a-RFE
1990202345,Interview Was Completed,"December 22, 2021",,3-Interview
1990305917,New Card Is Being Produced,"December 21, 2021",,4-Approved
1990335119,Case Was Transferred,"December 21, 2021",,0-Received
1990335121,Case Was Transferred,"December 21, 2021",,0-Received
1990076618,RFE Responded,"December 22, 2021",,2a-RFE
1990202339,Case Was Transferred,"December 23, 2021",,0-Received
1990226252,RFE Sent,"December 22, 2021",,2a-RFE
1990305917,Case Was Approved,"December 23, 2021",,4-Approved
1990323759,RFE Responded,"December 22, 2021",,2a-RFE
1990305917,Card Was Mailed To Me,"December 23, 2021",,4-Approved
1990328357,Expedite Request Received,"December 27, 2021",,2b-Expedite
1990005760,Name Was Updated,"December 28, 2021",,2c-UpdateInfo
1990260353,RFE Responded,"December 28, 2021",,2a-RFE
1990291077,New Card Is Being Produced,"December 28, 2021",,4-Approved
1990017608,Fingerprints Taken,"December 30, 2021",,1-Fingerprint-taken
1990018585,Card Was Delivered,"December 29, 2021",,4-Approved
1990107286,RFE Sent,"December 29, 2021",,2a-RFE
1990127683,RFE Sent,"December 29, 2021",,2a-RFE
1990182574,Fingerprints Taken,"December 29, 2021",,1-Fingerprint-taken
1990229356,Fingerprints Taken,"December 29, 2021",,1-Fingerprint-taken
1990229361,Fingerprints Taken,"December 29, 2021",,1-Fingerprint-taken
1990229364,Fingerprints Taken,"December 29, 2021",,1-Fingerprint-taken
1990291077,Case Was Approved,"December 29, 2021",,4-Approved
1990291141,Fingerprints Taken,"December 29, 2021",,1-Fingerprint-taken
1990301317,Fingerprints Taken,"December 29, 2021",,1-Fingerprint-taken
1990305917,Card Was Delivered,"December 29, 2021",,4-Approved
1990314956,Fingerprints Taken,"December 29, 2021",,1-Fingerprint-taken
1990319612,Fingerprints Taken,"December 29, 2021",,1-Fingerprint-taken
1990326936,RFE Responded,"December 29, 2021",,2a-RFE
1990013464,RFE Responded,"December 30, 2021",,2a-RFE
1990133491,RFE Responded,"December 30, 2021",,2a-RFE
1990291077,Card Was Mailed To Me,"December 30, 2021",,4-Approved
1990328498,RFE Responded,"December 30, 2021",,2a-RFE
1990328501,RFE Responded,"December 30, 2021",,2a-RFE
1990082354,New Card Is Being Produced,"January 4, 2022",,4-Approved
1990111045,New Card Is Being Produced,"January 4, 2022",,4-Approved
1990111049,New Card Is Being Produced,"January 4, 2022",,4-Approved
1990111051,New Card Is Being Produced,"January 4, 2022",,4-Approved
1990122651,RFE Responded,"January 4, 2022",,2a-RFE
1990216412,Case Was Transferred,"January 4, 2022",,0-Received
1990305935,RFE Sent,"January 4, 2022",,2a-RFE
1990082354,Case Was Approved,"January 5, 2022",,4-Approved
1990111045,Case Was Approved,"January 5, 2022",,4-Approved
1990111049,Case Was Approved,"January 5, 2022",,4-Approved
1990111051,Case Was Approved,"January 5, 2022",,4-Approved
1990161963,Case Was Denied,"January 5, 2022",,4-Denied
1990241636,RFE Sent,"January 5, 2022",,2a-RFE
1990241637,RFE Sent,"January 5, 2022",,2a-RFE
1990245252,New Card Is Being Produced,"January 5, 2022",,4-Approved
1990291077,Card Was Delivered,"January 5, 2022",,4-Approved
1990317467,RFE Sent,"January 5, 2022",,2a-RFE
1990328357,Expedite Request Denied,"January 5, 2022",,2b-Expedite
1990082354,Card Was Mailed To Me,"January 6, 2022",,4-Approved
1990111045,Card Was Mailed To Me,"January 6, 2022",,4-Approved
1990111049,Card Was Mailed To Me,"January 6, 2022",,4-Approved
1990111051,Card Was Mailed To Me,"January 6, 2022",,4-Approved
1990226202,RFE Responded,"January 6, 2022",,2a-RFE
1990226205,RFE Responded,"January 6, 2022",,2a-RFE
1990226208,RFE Responded,"January 6, 2022",,2a-RFE
1990226211,RFE Responded,"January 6, 2022",,2a-RFE
1990245252,Case Was Approved,"January 6, 2022",,4-Approved
1990311577,Expedite Request Denied,"January 6, 2022",,2b-Expedite
1990321195,RFE Responded,"January 6, 2022",,2a-RFE
1990321198,RFE Responded,"January 6, 2022",,2a-RFE
1990321201,RFE Responded,"January 6, 2022",,2a-RFE
1990321204,RFE Responded,"January 6, 2022",,2a-RFE
1990245252,Card Was Mailed To Me,"January 7, 2022",,4-Approved
1990271381,New Card Is Being Produced,"January 10, 2022",,4-Approved
1990271384,New Card Is Being Produced,"January 10, 2022",,4-Approved
1990271390,New Card Is Being Produced,"January 10, 2022",,4-Approved
1990082354,Card Was Delivered,"January 10, 2022",,4-Approved
1990111045,Card Was Delivered,"January 10, 2022",,4-Approved
1990111049,Card Was Delivered,"January 10, 2022",,4-Approved
1990111051,Card Was Delivered,"January 10, 2022",,4-Approved
1990283157,RFE Sent,"January 10, 2022",,2a-RFE
1990320800,Fingerprints Taken,"January 11, 2022",,1-Fingerprint-taken
1990245252,Card Was Delivered,"January 11, 2022",,4-Approved
1990271381,Case Was Approved,"January 11, 2022",,4-Approved
1990271384,Case Was Approved,"January 11, 2022",,4-Approved
1990271390,Case Was Approved,"January 11, 2022",,4-Approved
1990122651,Case Was Approved,"January 13, 2022",,4-Approved
1990128934,RFE Responded,"January 12, 2022",,2a-RFE
1990226249,RFE Sent,"January 12, 2022",,2a-RFE
1990271381,Card Was Mailed To Me,"January 12, 2022",,4-Approved
1990271384,Card Was Mailed To Me,"January 12, 2022",,4-Approved
1990271390,Card Was Mailed To Me,"January 12, 2022",,4-Approved
1990013464,Case Was Approved,"January 13, 2022",,4-Approved
1990151085,Name Was Updated,"January 13, 2022",,2c-UpdateInfo
1990274755,RFE Responded,"January 13, 2022",,2a-RFE
1990301732,Interview Was Completed,"January 14, 2022",,3-Interview
1990312000,New Card Is Being Produced,"January 13, 2022",,4-Approved
1990312000,Case Was Approved,"January 14, 2022",,4-Approved
1990271381,Card Was Delivered,"January 15, 2022",,4-Approved
1990271384,Card Was Delivered,"January 15, 2022",,4-Approved
1990271390,Card Was Delivered,"January 15, 2022",,4-Approved
1990013464,Card Was Mailed To Me,"January 18, 2022",,4-Approved
1990020546,RFE Responded,"January 18, 2022",,2a-RFE
1990020552,RFE Responded,"January 18, 2022",,2a-RFE
1990122651,Card Was Mailed To Me,"January 18, 2022",,4-Approved
1990312000,Card Was Mailed To Me,"January 18, 2022",,4-Approved
1990004430,New Card Is Being Produced,"January 19, 2022",,4-Approved
1990107262,RFE Sent,"January 19, 2022",,2a-RFE
1990202371,RFE Responded,"January 19, 2022",,2a-RFE
1990271387,New Card Is Being Produced,"January 19, 2022",,4-Approved
1990309244,Fingerprints Taken,"January 19, 2022",,1-Fingerprint-taken
1990309247,Fingerprints Taken,"January 19, 2022",,1-Fingerprint-taken
1990314990,RFE Sent,"January 19, 2022",,2a-RFE
1990314993,RFE Sent,"January 19, 2022",,2a-RFE
1990314996,RFE Sent,"January 19, 2022",,2a-RFE
1990004430,Case Was Approved,"January 20, 2022",,4-Approved
1990020549,RFE Responded,"January 20, 2022",,2a-RFE
1990020553,RFE Responded,"January 20, 2022",,2a-RFE
1990088409,RFE Responded,"January 20, 2022",,2a-RFE
1990088412,RFE Responded,"January 20, 2022",,2a-RFE
1990088415,RFE Responded,"January 20, 2022",,2a-RFE
1990217844,New Card Is Being Produced,"January 20, 2022",,4-Approved
1990271387,Case Was Approved,"January 20, 2022",,4-Approved
1990300879,RFE Responded,"January 20, 2022",,2a-RFE
1990300881,RFE Responded,"January 20, 2022",,2a-RFE
1990300883,RFE Responded,"January 20, 2022",,2a-RFE
1990300885,RFE Responded,"January 20, 2022",,2a-RFE
1990300887,RFE Responded,"January 20, 2022",,2a-RFE
1990004430,Card Was Mailed To Me,"January 21, 2022",,4-Approved
1990013464,Card Was Delivered,"January 21, 2022",,4-Approved
1990078952,RFE Responded,"January 21, 2022",,2a-RFE
1990122651,Card Was Delivered,"January 21, 2022",,4-Approved
1990217844,Case Was Approved,"January 21, 2022",,4-Approved
1990226252,RFE Responded,"January 21, 2022",,2a-RFE
1990271387,Card Was Mailed To Me,"January 21, 2022",,4-Approved
1990312000,Card Was Delivered,"January 21, 2022",,4-Approved
1990076618,New Card Is Being Produced,"January 25, 2022",,4-Approved
1990271387,Card Was Delivered,"January 25, 2022",,4-Approved
1990004430,Card Was Delivered,"January 26, 2022",,4-Approved
1990076618,Case Was Approved,"January 26, 2022",,4-Approved
1990136241,RFE Sent,"January 26, 2022",,2a-RFE
1990202371,New Card Is Being Produced,"January 26, 2022",,4-Approved
1990305000,RFE Sent,"January 26, 2022",,2a-RFE
1990305002,RFE Sent,"January 26, 2022",,2a-RFE
1990020546,New Card Is Being Produced,"January 27, 2022",,4-Approved
1990020549,New Card Is Being Produced,"January 27, 2022",,4-Approved
1990020552,New Card Is Being Produced,"January 27, 2022",,4-Approved
1990133491,New Card Is Being Produced,"January 27, 2022",,4-Approved
1990202371,Case Was Approved,"January 27, 2022",,4-Approved
1990217844,Card Was Delivered,"January 27, 2022",,4-Approved
1990250013,New Card Is Being Produced,"January 27, 2022",,4-Approved
1990305935,RFE Responded,"January 27, 2022",,2a-RFE
1990312564,RFE Responded,"January 27, 2022",,2a-RFE
1990312567,RFE Responded,"January 27, 2022",,2a-RFE
1990312570,RFE Responded,"January 27, 2022",,2a-RFE
1990312573,RFE Responded,"January 27, 2022",,2a-RFE
1990312576,RFE Responded,"January 27, 2022",,2a-RFE
1990020546,Case Was Approved,"January 28, 2022",,4-Approved
1990020549,Case Was Approved,"January 28, 2022",,4-Approved
1990020552,Case Was Approved,"January 28, 2022",,4-Approved
1990020553,New Card Is Being Produced,"January 28, 2022",,4-Approved
1990076618,Card Was Mailed To Me,"January 28, 2022",,4-Approved
1990133491,Case Was Approved,"January 28, 2022",,4-Approved
1990202371,Card Was Mailed To Me,"January 28, 2022",,4-Approved
1990240472,Interview Was Ready,"January 28, 2022",,3-Interview
1990250013,Case Was Approved,"January 28, 2022",,4-Approved
1990020546,Card Was Mailed To Me,"January 31, 2022",,4-Approved
1990020549,Card Was Mailed To Me,"January 31, 2022",,4-Approved
1990020552,Card Was Mailed To Me,"January 31, 2022",,4-Approved
1990020553,Case Was Approved,"January 31, 2022",,4-Approved
1990108278,RFE Responded,"January 31, 2022",,2a-RFE
1990133491,Card Was Mailed To Me,"January 31, 2022",,4-Approved
1990240472,Interview Was Scheduled,"January 31, 2022",,3-Interview
1990317274,RFE Sent,"January 31, 2022",,2a-RFE
1990317277,RFE Sent,"January 31, 2022",,2a-RFE
1990020553,Card Was Mailed To Me,"February 1, 2022",,4-Approved
1990027546,New Card Is Being Produced,"February 1, 2022",,4-Approved
1990076618,Card Was Delivered,"February 1, 2022",,4-Approved
1990123269,Case Was Transferred,"February 1, 2022",,0-Received
1990251088,RFE Responded,"February 1, 2022",,2a-RFE
1990027546,Case Was Approved,"February 2, 2022",,4-Approved
1990202371,Card Was Delivered,"February 2, 2022",,4-Approved
1990020546,Card Was Delivered,"February 3, 2022",,4-Approved
1990020549,Card Was Delivered,"February 3, 2022",,4-Approved
1990020552,Card Was Delivered,"February 3, 2022",,4-Approved
1990133491,Card Was Delivered,"February 3, 2022",,4-Approved
1990151085,Expedite Request Denied,"February 3, 2022",,2b-Expedite
1990229356,RFE Sent,"February 4, 2022",,2a-RFE
1990229359,RFE Sent,"February 4, 2022",,2a-RFE
1990229361,RFE Sent,"February 4, 2022",,2a-RFE
1990229364,RFE Sent,"February 4, 2022",,2a-RFE
1990012488,Fingerprints Taken,"February 7, 2022",,1-Fingerprint-taken
1990020553,Card Was Delivered,"February 7, 2022",,4-Approved
1990179174,Case Was Approved,"February 8, 2022",,4-Approved
1990321195,Fingerprints Taken,"February 8, 2022",,1-Fingerprint-taken
1990321204,Fingerprints Taken,"February 8, 2022",,1-Fingerprint-taken
1990128934,New Card Is Being Produced,"February 9, 2022",,4-Approved
1990323747,RFE Sent,"February 10, 2022",,2a-RFE
1990323750,RFE Sent,"February 10, 2022",,2a-RFE
1990323753,RFE Sent,"February 10, 2022",,2a-RFE
1990323756,RFE Sent,"February 10, 2022",,2a-RFE
1990336457,RFE Responded,"February 9, 2022",,2a-RFE
1990336459,RFE Responded,"February 9, 2022",,2a-RFE
1990336461,RFE Responded,"February 9, 2022",,2a-RFE
1990111957,Interview Was Completed,"February 11, 2022",,3-Interview
1990111959,Interview Was Completed,"February 11, 2022",,3-Interview
1990111962,Interview Was Completed,"February 11, 2022",,3-Interview
1990128342,Case Was Denied,"February 10, 2022",,4-Denied
1990128934,Case Was Approved,"February 10, 2022",,4-Approved
1990157788,RFE Responded,"February 10, 2022",,2a-RFE
1990179174,Card Was Mailed To Me,"February 10, 2022",,4-Approved
1990208378,Case Was Transferred,"February 10, 2022",,0-Received
1990250013,Card Was Delivered,"February 10, 2022",,4-Approved
1990297318,RFE Sent,"February 10, 2022",,2a-RFE
1990330557,RFE Sent,"February 10, 2022",,2a-RFE
1990128934,Card Was Mailed To Me,"February 11, 2022",,4-Approved
1990088412,New Card Is Being Produced,"February 15, 2022",,4-Approved
1990157788,New Card Is Being Produced,"February 14, 2022",,4-Approved
1990179174,Card Was Delivered,"February 14, 2022",,4-Approved
1990270781,Interview Was Completed,"February 15, 2022",,3-Interview
1990328161,Case Was Transferred,"February 14, 2022",,0-Received
1990088409,New Card Is Being Produced,"February 15, 2022",,4-Approved
1990088415,New Card Is Being Produced,"February 15, 2022",,4-Approved
1990128934,Card Was Delivered,"February 15, 2022",,4-Approved
1990157788,Case Was Approved,"February 15, 2022",,4-Approved
1990321195,New Card Is Being Produced,"February 15, 2022",,4-Approved
1990321198,Fingerprints Taken,"February 15, 2022",,1-Fingerprint-taken
1990321201,Fingerprints Taken,"February 15, 2022",,1-Fingerprint-taken
1990321204,New Card Is Being Produced,"February 15, 2022",,4-Approved
1990328179,Case Was Transferred,"February 15, 2022",,0-Received
1990328182,Case Was Transferred,"February 15, 2022",,0-Received
1990027546,Card Was Returned To USCIS,"February 16, 2022",,9-Others
1990088409,Case Was Approved,"February 16, 2022",,4-Approved
1990088412,Case Was Approved,"February 16, 2022",,4-Approved
1990088415,Case Was Approved,"February 16, 2022",,4-Approved
1990107262,RFE Responded,"February 16, 2022",,2a-RFE
1990157788,Card Was Mailed To Me,"February 16, 2022",,4-Approved
1990226249,RFE Responded,"February 16, 2022",,2a-RFE
1990312570,New Card Is Being Produced,"February 16, 2022",,4-Approved
1990312573,New Card Is Being Produced,"February 16, 2022",,4-Approved
1990321195,Case Was Approved,"February 16, 2022",,4-Approved
1990321198,Case Was Approved,"February 16, 2022",,4-Approved
1990321201,Case Was Approved,"February 16, 2022",,4-Approved
1990321204,Case Was Approved,"February 16, 2022",,4-Approved
1990312564,New Card Is Being Produced,"February 17, 2022",,4-Approved
1990312567,New Card Is Being Produced,"February 17, 2022",,4-Approved
1990312570,Case Was Approved,"February 17, 2022",,4-Approved
1990312573,Case Was Approved,"February 17, 2022",,4-Approved
1990312576,New Card Is Being Produced,"February 17, 2022",,4-Approved
1990088409,Card Was Mailed To Me,"February 18, 2022",,4-Approved
1990088412,Card Was Mailed To Me,"February 18, 2022",,4-Approved
1990088415,Card Was Mailed To Me,"February 18, 2022",,4-Approved
1990312564,Case Was Approved,"February 18, 2022",,4-Approved
1990312567,Case Was Approved,"February 18, 2022",,4-Approved
1990312576,Case Was Approved,"February 18, 2022",,4-Approved
1990321195,Card Was Mailed To Me,"February 18, 2022",,4-Approved
1990321204,Card Was Mailed To Me,"February 18, 2022",,4-Approved
1990044066,Case Was Approved,"February 22, 2022",,4-Approved
1990107286,RFE Responded,"February 22, 2022",,2a-RFE
1990111957,Case Was Approved,"February 22, 2022",,4-Approved
1990111959,Case Was Approved,"February 22, 2022",,4-Approved
1990111962,Case Was Approved,"February 22, 2022",,4-Approved
1990242594,RFE Responded,"February 22, 2022",,2a-RFE
1990312570,Card Was Mailed To Me,"February 22, 2022",,4-Approved
1990312573,Card Was Mailed To Me,"February 22, 2022",,4-Approved
1990328192,RFE Responded,"February 22, 2022",,2a-RFE
1990088409,Card Was Delivered,"February 23, 2022",,4-Approved
1990088412,Card Was Delivered,"February 23, 2022",,4-Approved
1990088415,Card Was Delivered,"February 23, 2022",,4-Approved
1990157788,Card Was Delivered,"February 23, 2022",,4-Approved
1990301732,Case Was Approved,"February 23, 2022",,4-Approved
1990305000,RFE Responded,"February 23, 2022",,2a-RFE
1990305002,RFE Responded,"February 23, 2022",,2a-RFE
1990305935,New Card Is Being Produced,"February 23, 2022",,4-Approved
1990312564,Card Was Mailed To Me,"February 23, 2022",,4-Approved
1990312567,Card Was Mailed To Me,"February 23, 2022",,4-Approved
1990312576,Card Was Mailed To Me,"February 23, 2022",,4-Approved
1990328189,RFE Responded,"February 23, 2022",,2a-RFE
1990336457,New Card Is Being Produced,"February 23, 2022",,4-Approved
1990336459,New Card Is Being Produced,"February 23, 2022",,4-Approved
1990336461,New Card Is Being Produced,"February 23, 2022",,4-Approved
1990251088,New Card Is Being Produced,"February 24, 2022",,4-Approved
1990305935,Case Was Approved,"February 24, 2022",,4-Approved
1990336457,Case Was Approved,"February 24, 2022",,4-Approved
1990336459,Case Was Approved,"February 24, 2022",,4-Approved
1990336461,Case Was Approved,"February 24, 2022",,4-Approved
1990044066,Card Was Mailed To Me,"February 25, 2022",,4-Approved
1990111957,Card Was Mailed To Me,"February 25, 2022",,4-Approved
1990111959,Card Was Mailed To Me,"February 25, 2022",,4-Approved
1990111962,Card Was Mailed To Me,"February 25, 2022",,4-Approved
1990251088,Case Was Approved,"February 25, 2022",,4-Approved
1990301732,Card Was Mailed To Me,"February 25, 2022",,4-Approved
1990336457,Card Was Mailed To Me,"February 25, 2022",,4-Approved
1990336459,Card Was Mailed To Me,"February 25, 2022",,4-Approved
1990336461,Card Was Mailed To Me,"February 25, 2022",,4-Approved
1990251088,Card Was Mailed To Me,"February 28, 2022",,4-Approved
1990305935,Card Was Mailed To Me,"February 28, 2022",,4-Approved
1990312564,Card Was Delivered,"February 26, 2022",,4-Approved
1990312567,Card Was Delivered,"February 26, 2022",,4-Approved
1990312570,Card Was Delivered,"February 25, 2022",,4-Approved
1990312573,Card Was Delivered,"February 25, 2022",,4-Approved
1990312576,Card Was Delivered,"February 26, 2022",,4-Approved
1990328149,Case Was Denied,"February 28, 2022",,4-Denied
1990330557,RFE Responded,"February 28, 2022",,2a-RFE
1990027546,Card Was Mailed To Me,"March 1, 2022",,4-Approved
1990078952,New Card Is Being Produced,"March 1, 2022",,4-Approved
1990212739,New Card Is Being Produced,"March 1, 2022",,4-Approved
1990274327,Case Was Transferred,"March 1, 2022",,0-Received
1990321195,Card Was Delivered,"March 2, 2022",,4-Approved
1990321204,Card Was Delivered,"March 2, 2022",,4-Approved
1990337207,RFE Sent,"March 1, 2022",,2a-RFE
1990044066,Card Was Delivered,"March 2, 2022",,4-Approved
1990078952,Case Was Approved,"March 2, 2022",,4-Approved
1990111957,Card Was Delivered,"March 2, 2022",,4-Approved
1990111959,Card Was Delivered,"March 2, 2022",,4-Approved
1990111962,Card Was Delivered,"March 2, 2022",,4-Approved
1990212739,Case Was Approved,"March 2, 2022",,4-Approved
1990301732,Card Was Delivered,"March 2, 2022",,4-Approved
1990321198,Card Was Mailed To Me,"March 2, 2022",,4-Approved
1990321201,Card Was Mailed To Me,"March 2, 2022",,4-Approved
1990328346,RFE Sent,"March 2, 2022",,2a-RFE
1990330955,Case Was Transferred,"March 3, 2022",,0-Received
1990330957,Case Was Transferred,"March 3, 2022",,0-Received
1990336457,Card Was Delivered,"March 2, 2022",,4-Approved
1990336459,Card Was Delivered,"March 2, 2022",,4-Approved
1990336461,Card Was Delivered,"March 2, 2022",,4-Approved
1990027546,Card Was Delivered,"March 3, 2022",,4-Approved
1990078952,Card Was Mailed To Me,"March 3, 2022",,4-Approved
1990202371,Notice Returned,"March 4, 2022",,9-Others
1990212739,Card Was Mailed To Me,"March 3, 2022",,4-Approved
1990241636,RFE Responded,"March 3, 2022",,2a-RFE
1990241637,RFE Responded,"March 3, 2022",,2a-RFE
1990251088,Card Was Delivered,"March 3, 2022",,4-Approved
1990290923,RFE Sent,"March 3, 2022",,2a-RFE
1990295329,RFE Sent,"March 3, 2022",,2a-RFE
1990305935,Card Was Delivered,"March 3, 2022",,4-Approved
1990321359,RFE Sent,"March 3, 2022",,2a-RFE
1990321362,RFE Sent,"March 3, 2022",,2a-RFE
1990328349,RFE Sent,"March 3, 2022",,2a-RFE
1990300844,Interview Was Ready,"March 4, 2022",,3-Interview
1990300847,Interview Was Ready,"March 4, 2022",,3-Interview
1990025407,RFE Sent,"March 7, 2022",,2a-RFE
1990212739,Card Was Delivered,"March 7, 2022",,4-Approved
1990242596,RFE Sent,"March 7, 2022",,2a-RFE
1990288106,RFE Sent,"March 7, 2022",,2a-RFE
1990288109,RFE Sent,"March 7, 2022",,2a-RFE
1990297190,RFE Sent,"March 7, 2022",,2a-RFE
1990317277,RFE Responded,"March 7, 2022",,2a-RFE
1990318654,RFE Sent,"March 7, 2022",,2a-RFE
1990321198,Card Was Delivered,"March 8, 2022",,4-Approved
1990321201,Card Was Delivered,"March 8, 2022",,4-Approved
1990328223,RFE Sent,"March 7, 2022",,2a-RFE
1990078952,Card Was Delivered,"March 8, 2022",,4-Approved
1990260656,Case Was Transferred,"March 8, 2022",,0-Received
1990288103,RFE Sent,"March 8, 2022",,2a-RFE
1990288195,RFE Sent,"March 8, 2022",,2a-RFE
1990288198,RFE Sent,"March 8, 2022",,2a-RFE
1990297704,RFE Sent,"March 8, 2022",,2a-RFE
1990297836,RFE Sent,"March 8, 2022",,2a-RFE
1990297838,RFE Sent,"March 8, 2022",,2a-RFE
1990300844,Interview Was Scheduled,"March 8, 2022",,3-Interview
1990300847,Interview Was Scheduled,"March 8, 2022",,3-Interview
1990323709,RFE Sent,"March 8, 2022",,2a-RFE
1990326927,RFE Sent,"March 8, 2022",,2a-RFE
1990256475,RFE Sent,"March 9, 2022",,2a-RFE
1990314929,RFE Sent,"March 9, 2022",,2a-RFE
1990314931,RFE Sent,"March 9, 2022",,2a-RFE
1990314934,RFE Sent,"March 9, 2022",,2a-RFE
1990328152,RFE Sent,"March 9, 2022",,2a-RFE
1990328155,RFE Sent,"March 9, 2022",,2a-RFE
1990328158,RFE Sent,"March 9, 2022",,2a-RFE
1990328357,RFE Sent,"March 9, 2022",,2a-RFE
1990328363,RFE Sent,"March 9, 2022",,2a-RFE
1990328366,RFE Sent,"March 9, 2022",,2a-RFE
1990120073,RFE Sent,"March 10, 2022",,2a-RFE
1990120076,RFE Sent,"March 10, 2022",,2a-RFE
1990172866,RFE Sent,"March 11, 2022",,2a-RFE
1990226252,New Card Is Being Produced,"March 10, 2022",,4-Approved
1990279465,Case Was Transferred,"March 11, 2022",,0-Received
1990289641,RFE Sent,"March 10, 2022",,2a-RFE
1990295892,Case Was Transferred,"March 11, 2022",,0-Received
1990295895,Case Was Transferred,"March 11, 2022",,0-Received
1990299652,RFE Sent,"March 10, 2022",,2a-RFE
1990299655,RFE Sent,"March 10, 2022",,2a-RFE
1990314937,RFE Sent,"March 10, 2022",,2a-RFE
1990317486,RFE Sent,"March 10, 2022",,2a-RFE
1990321365,RFE Sent,"March 10, 2022",,2a-RFE
1990322118,RFE Sent,"March 10, 2022",,2a-RFE
1990324767,RFE Sent,"March 10, 2022",,2a-RFE
1990328422,RFE Sent,"March 10, 2022",,2a-RFE
1990328424,RFE Sent,"March 10, 2022",,2a-RFE
1990333441,Case Was Denied,"March 10, 2022",,4-Denied
1990333444,Notice Explaining USCIS Actions Was Mailed,"March 10, 2022",,9-Others
1990333447,Notice Explaining USCIS Actions Was Mailed,"March 10, 2022",,9-Others
